Date,Open,High,Low,Close,Volume,Dividends,Stock Splits,MA20,RSI14,Bollinger_Upper,Bollinger_Lower,Annual_Dividend_Yield
2020-01-02,59.45237909599356,59.74123764038086,58.946878543150994,59.74123764038086,23753600,0.0,0.0,56.53504371643066,79.72089788109454,62.11301615623471,50.95707127662662,0.0005447900286699
2020-01-03,58.54348147576541,59.22329198259173,58.294466248390265,58.78502655029297,20538400,0.0,0.0,56.86685695648193,67.10388355323002,62.12666266217934,51.60705125078452,0.0005447900286699
2020-01-06,57.851214094931024,59.0838385964548,57.58974737044526,59.03154373168945,26263600,0.0,0.0,57.21946277618408,68.15782114403899,62.0256796836345,52.41324586873366,0.0005447900286699
2020-01-07,59.31542437030583,60.20441052544481,58.86470743213334,59.746219635009766,31485600,0.0,0.0,57.56509628295898,69.60216109820067,62.02503938148597,53.105153184432,0.0005447900286699
2020-01-08,59.70388816072238,60.27164256197568,59.30297350197441,59.858280181884766,27710800,0.0,0.0,57.91633281707764,67.2665679520569,61.88692217999454,53.945743454160734,0.0005447900286699
2020-01-09,60.722353834012,61.24030207042702,59.977797069701424,60.51567077636719,25511200,0.0,0.0,58.27790222167969,68.5423809209428,61.75935760941363,54.79644683394575,0.0005447900286699
2020-01-10,61.58893183847091,61.89273069614472,60.69745693804602,60.83939743041992,31629600,0.0,0.0,58.61382350921631,63.93961801394632,61.67794007717757,55.549706941255046,0.0005447900286699
2020-01-13,61.67110912070513,62.998360673947445,61.44450436290679,62.74685287475586,31984000,0.0,0.0,58.9613245010376,67.74560452684798,62.2485632002556,55.67408580181959,0.0005447900286699
2020-01-14,62.31854512786066,62.57254170613611,61.44450310806503,61.57648086547852,35908800,0.0,0.0,59.251302337646486,60.66025975369688,62.37490016052621,56.12770451476676,0.0005447900286699
2020-01-15,61.70347168951388,61.92758763825032,60.89168354547756,61.15066146850586,26310400,0.0,0.0,59.505546760559085,58.43652407345904,62.35297457255022,56.65811894856795,0.0005447900286699
2020-01-16,61.68605179903222,62.047123115102565,61.451976879744045,61.98735809326172,28419200,0.0,0.0,59.76253089904785,61.073238968594346,62.52645466990643,56.99860712818928,0.0005447900286699
2020-01-17,62.17910223713735,62.2538075661509,61.59889629466032,62.07451629638672,25379200,0.0,0.0,60.008682060241696,64.77031682286648,62.66842104488545,57.34894307559794,0.0005447900286699
2020-01-21,61.70846008848588,62.07700154437439,61.39968365233766,61.7408332824707,21791600,0.0,0.0,60.16406764984131,70.12887025323953,62.84843925373627,57.47969604594635,0.0005447900286699
2020-01-22,62.19403212897669,63.14776075715432,62.00478195354595,62.28118896484375,23924000,0.0,0.0,60.29778861999512,69.49193960083906,63.12777048187965,57.46780675811058,0.0005447900286699
2020-01-23,62.682110962719946,63.05065242135682,61.79312481084797,62.96598815917969,24451600,0.0,0.0,60.47259712219238,67.9214106998167,63.511446652894165,57.4337475914906,0.0005447900286699
2020-01-24,64.12141701263633,64.61944743603544,61.830477824934505,62.373329162597656,37351200,0.0,0.0,60.62026329040528,70.78158843329713,63.72994625218944,57.51058032862112,0.0005447900286699
2020-01-27,59.32538219886535,60.323931775964894,57.82879842559623,59.81344985961914,47053600,0.0,0.0,60.63283843994141,53.57141363664875,63.72649443278243,57.53918244710039,0.0005447900286699
2020-01-28,60.47334578942594,62.072022995440186,59.9404533874212,61.7483024597168,31097600,0.0,0.0,60.77104187011719,58.22757425813973,63.8009009706568,57.74118276957758,0.0005447900286699
2020-01-29,61.603864257474,61.964935502850295,60.744762659945536,61.143184661865234,25884800,0.0,0.0,60.93564033508301,55.07467606623489,63.63754880807808,58.233731862087936,0.0005447900286699
2020-01-30,60.164563239795655,61.34489666775819,59.61423797030787,61.210426330566406,29050400,0.0,0.0,61.06649742126465,52.878070056225766,63.53409267422879,58.59890216830051,0.0005447900286699
2020-01-31,60.75224505517078,60.871771299868826,58.45632436505933,58.87466812133789,37042000,0.0,0.0,61.0231689453125,43.02389399134004,63.61599833405147,58.43033955657353,0.0005447900286699
2020-02-03,58.692883570217255,60.04005675293207,58.63062976842456,59.8458251953125,25556400,0.0,0.0,61.076208877563474,38.96574228814806,63.515092244696966,58.63732551042998,0.0005447900286699
2020-02-04,61.265212908780285,61.7308701439195,60.76469369560397,61.53913116455078,27154400,0.0,0.0,61.201588249206544,49.86337291811501,63.44812776921914,58.95504872919395,0.0005447900286699
2020-02-05,62.74934181726718,62.85143516184532,61.60885174164648,62.44305038452149,20822000,0.0,0.0,61.33642978668213,54.56784816912331,63.53845993833782,59.13439963502644,0.0005447900286699
2020-02-06,62.78669627366959,63.31211853027344,61.97490803915696,63.31211853027344,21828400,0.0,0.0,61.50912170410156,54.67157286877765,63.76414741464958,59.25409599355354,0.0005447900286699
2020-02-07,62.91120888341921,63.13283229081137,62.39574932226547,62.64974212646485,18975200,0.0,0.0,61.61582527160645,51.94936652568776,63.87487848330403,59.35677205990886,0.0005447900286699
2020-02-10,62.87633866179196,65.49099828931203,62.82653638120186,65.48352813720703,52960800,0.0,0.0,61.8480318069458,60.84570223331097,64.65848839004308,59.03757522384853,0.0005447900286699
2020-02-11,66.56674633810555,67.85664327449074,65.94669331090789,66.70868682861328,63855600,0.0,0.0,62.04612350463867,62.34037096751557,65.58692168969989,58.50532531957746,0.0005447900286699
2020-02-12,67.23658436964693,67.93133117991441,66.84812133616207,67.86659240722656,37464400,0.0,0.0,62.36062908172608,63.30804592176261,66.74315334513325,57.9781048183189,0.0005447900286699
2020-02-13,67.28638137940511,68.10066578137317,67.01246319524674,67.4283218383789,52801600,0.0,0.0,62.67451210021973,63.8433804719095,67.56226267813852,57.78676152230093,0.0005447900286699
2020-02-14,71.532101288983,73.45200615200872,71.21833973806842,72.162109375,104192400,0.0,0.0,63.18324966430664,80.2193557228472,69.6370375421611,56.72946178645219,0.0005447900286699
2020-02-18,71.12871396747597,74.0347174468676,70.93447479264621,73.85044860839844,62016400,0.0,0.0,63.77204627990723,79.97778293076706,71.76507297637289,55.77901958344157,0.0005447900286699
2020-02-19,75.07560033884198,78.54189573392122,75.07560033884198,78.36509704589844,69433200,0.0,0.0,64.60325946807862,85.73793432755667,74.84746971524291,54.35904922091433,0.0005447900286699
2020-02-20,77.88447291700432,78.76848134068518,73.79564803231298,76.87098693847656,81005200,0.0,0.0,65.33274936676025,80.68100357351474,76.87621662535695,53.78928210816356,0.0005447900286699
2020-02-21,75.74793011298694,75.99943788288721,72.37875494701352,73.22789764404297,76818000,0.0,0.0,65.84584484100341,76.74954546688978,77.84945606128727,53.84223362071955,0.0005447900286699
2020-02-24,67.28141675512757,70.18991243526102,66.73607286518495,68.05087280273438,85691600,0.0,0.0,66.12972202301026,63.219112481660815,78.05584372148684,54.20360032453368,0.0005447900286699
2020-02-25,68.80289941732175,69.42295245717945,64.23596138221971,65.25443267822266,105549600,0.0,0.0,66.40177116394042,55.780245001521706,77.96390920913007,54.839633118750776,0.0005447900286699
2020-02-26,65.25693153676059,68.59124916375339,65.24199123068564,66.64892578125,74773200,0.0,0.0,66.6468023300171,56.445095000622565,77.99951988840762,55.29408477162657,0.0005447900286699
2020-02-27,63.51194786257055,66.52683595666504,62.01447251179627,62.938873291015625,90641600,0.04,0.0,66.73658676147461,49.47385017517535,77.93336859472079,55.53980492822844,0.0005447900286699
2020-02-28,60.41234102420139,67.88726166563193,60.245397699256046,67.29176330566406,113325200,0.0,0.0,67.0406536102295,55.92699393447487,77.93167623069978,56.14963098975922,0.0005447900286699
2020-03-02,68.99356469120738,69.16548859560461,65.0318554760855,68.87645721435547,89074400,0.0,0.0,67.54074306488037,54.47487229973972,77.75016432568961,57.33132180407114,0.0005447900286699
2020-03-03,69.43458492384407,70.0325774310837,65.3956281181465,66.2502670288086,65279200,0.0,0.0,67.86096515655518,49.41694577632593,77.4362190672026,58.28571124590776,0.0005447900286699
2020-03-04,67.32414861697214,70.98437016718857,66.57665625307038,70.88968658447266,59740800,0.0,0.0,68.32849292755127,53.532192683110765,77.50904433325802,59.14794152184452,0.0005447900286699
2020-03-05,68.89387748157013,70.56328008596881,67.64805691228315,68.09406280517578,54032800,0.0,0.0,68.61104354858398,50.73724156413495,77.36693559213438,59.85515150503358,0.0005447900286699
2020-03-06,66.2975816338245,66.87315771126406,64.28433901352884,66.2876205444336,51541200,0.0,0.0,68.75981864929199,43.04357198445408,77.23316787236463,60.28646942621933,0.0005447900286699
2020-03-09,59.77448220508763,64.63318346667316,59.34591953324358,61.15485382080078,61416000,0.0,0.0,68.6850742340088,36.10008451695776,77.40805711219248,59.96209135582511,0.0005447900286699
2020-03-10,63.92058829619033,65.05178833007812,61.29190513125282,65.05178833007812,58064800,0.0,0.0,68.66348724365234,35.22390875515849,77.42189484920615,59.90507963809853,0.0005447900286699
2020-03-11,63.65147858210433,63.935525575084704,60.4397526817268,61.41149139404297,49996400,0.0,0.0,68.39862747192383,33.62215191070463,77.70893051572679,59.08832442812087,0.0005447900286699
2020-03-12,56.17655628360403,58.83264348616356,53.76962945283795,53.89670181274414,81654000,0.0,0.0,67.7001329421997,31.0731046145997,79.05102599770846,56.34923988669094,0.0005447900286699
2020-03-13,57.432337265557045,60.05354521961812,54.71893979150932,60.00869369506836,63483600,0.0,0.0,67.32915153503419,42.26758529992156,79.19094322383583,55.46735984623255,0.0005447900286699
2020-03-16,52.92496133148491,56.33601936711266,48.33784812998251,48.93584060668945,72697200,0.0,0.0,66.16783809661865,36.46421349644629,80.35692517236271,51.9787510208746,0.0005447900286699
2020-03-17,50.0595692166325,55.030393142263065,47.59035163055963,54.13589477539063,83363200,0.0,0.0,65.18211040496826,40.23716065801491,79.85489499608529,50.50932581385122,0.0005447900286699
2020-03-18,49.85774986617456,52.30952428463623,45.018978540116514,50.53547668457031,87426800,0.0,0.0,63.790629386901855,40.30611496510773,78.4778149254951,49.103443848308615,0.0005447900286699
2020-03-19,50.321195248759466,54.00134714156479,48.18585658016702,53.064491271972656,76551200,0.0,0.0,62.60030460357666,38.55435951448016,76.66972320415242,48.5308860030009,0.0005447900286699
2020-03-20,54.566954991652345,57.387495312044216,51.111049058803,51.26552963256836,80463600,0.0,0.0,61.50218620300293,35.88093175472292,75.50722043492812,47.49715197107774,0.0005447900286699
2020-03-23,51.25555955147372,53.93905474005156,49.46406868431652,52.99472427368164,64387600,0.0,0.0,60.74937877655029,39.21765914611491,74.89022595655025,46.608531596550336,0.0005447900286699
2020-03-24,57.0585924229008,62.95381733853678,56.8218872321901,62.08672332763672,110164400,0.0,0.0,60.590993309021,43.32313092316343,74.58962606754719,46.5923605504948,0.0005447900286699
2020-03-25,63.23786813739276,65.23616587791636,60.71134356447909,61.199703216552734,79343200,0.0,0.0,60.318532180786136,44.61485332278938,74.02988319371548,46.6071811678568,0.0005447900286699
2020-03-26,63.27275480857106,65.3358339908224,62.29104729489254,64.0949935913086,69610800,0.0,0.0,60.376338195800784,48.31599573186202,74.14383683259884,46.60883955900273,0.0005447900286699
2020-03-27,62.29103162589818,65.5600637490036,61.96213315398087,62.97124862670898,63882800,0.0,0.0,60.16031246185303,51.48659239194336,73.60267442717802,46.71795049652803,0.0005447900286699
2020-03-30,63.626565702478295,66.26770375195997,63.18554403555228,66.1755142211914,60225200,0.0,0.0,60.025265312194826,50.930238286364265,73.14943281813376,46.90109780625589,0.0005447900286699
2020-03-31,66.57665697905689,68.61979823366984,64.22205296553632,65.6796646118164,94996000,0.0,0.0,59.996735191345216,53.7273075423481,73.0662918314357,46.92717855125472,0.0005447900286699
2020-04-01,63.69881267919315,65.16389908062165,60.11832510233335,60.5643310546875,65691200,0.0,0.0,59.48046741485596,56.077393805316206,71.51286537178223,47.44806945792969,0.0005447900286699
2020-04-02,60.855859981538586,63.78602933543545,60.37497114274122,63.65397262573242,67576400,0.0,0.0,59.25846290588379,53.51632536000104,70.77446324388264,47.74246256788494,0.0005447900286699
2020-04-03,63.27773265385803,63.69383635079176,59.39824480209335,60.77363204956055,66321200,0.0,0.0,58.98276348114014,63.56265504455318,70.04529607352066,47.92023088875961,0.0005447900286699
2020-04-06,63.59665881376649,67.24442180616369,63.02108643545271,66.87565612792969,72788400,0.0,0.0,59.26880359649658,64.30048851105784,70.85142786859869,47.68617932439447,0.0005447900286699
2020-04-07,69.09321925030916,69.32992824634377,64.10993599810116,64.5409927368164,78452000,0.0,0.0,59.2432638168335,66.18111792298492,70.77433533486993,47.71219229879707,0.0005447900286699
2020-04-08,65.63233054733692,66.76353793265048,64.93217988472425,66.51437377929688,54244400,0.0,0.0,59.49840793609619,65.7412735149885,71.44964665638759,47.5471692158048,0.0005447900286699
2020-04-09,67.77265583345887,68.00189022095888,64.88733802273008,65.5177230834961,52556400,0.0,0.0,60.079458999633786,66.9995201529832,72.01395693489577,48.144961064371806,0.0005447900286699
2020-04-13,64.9197002602479,67.32413979897781,64.0351707870391,67.23693084716797,39840800,0.0,0.0,60.44087085723877,66.99165624535502,72.79669343094005,48.08504828353749,0.0005447900286699
2020-04-14,68.5201603013776,71.09153686925708,68.2435916678458,70.75018310546875,53094800,0.0,0.0,61.53158798217773,61.92306779620797,73.45492282589785,49.608253138457606,0.0005447900286699
2020-04-15,69.06829680530375,70.80497101830959,68.61481628394259,69.97525024414062,36614800,0.0,0.0,62.32355575561523,62.114703875924576,74.28263498289246,50.364476528338,0.0005447900286699
2020-04-16,71.53005058041151,74.5000909987128,71.39799386707764,73.4286880493164,74562000,0.0,0.0,63.46821632385254,62.68967568867224,75.05317194538577,51.883260702319305,0.0005447900286699
2020-04-17,74.25091332452634,74.46519083391972,71.49515855911487,72.83566284179688,53912000,0.0,0.0,64.45677490234375,63.60758784268833,75.67208194814893,53.24146785653858,0.0005447900286699
2020-04-20,71.56990954684912,73.12967959252626,71.07905585667227,71.52256774902344,44938800,0.0,0.0,65.46962680816651,57.78209740843628,75.23388903267697,55.70536458365604,0.0005447900286699
2020-04-21,70.34153522773319,70.95447694816016,66.55423685583989,67.15223693847656,73516000,0.0,0.0,66.17750244140625,51.92597259555525,73.99186310974657,58.36314177306592,0.0005447900286699
2020-04-22,69.07577709069881,71.72687957941191,68.61980245750352,71.2983169555664,48335600,0.0,0.0,66.63808212280273,64.40414345448815,74.52278683353384,58.753377412071615,0.0005447900286699
2020-04-23,71.71940919494311,73.0399837738442,70.51345560171237,70.7651138305664,42416000,0.0,0.0,67.11635265350341,60.245530922366704,74.76910958860071,59.4635957184061,0.0005447900286699
2020-04-24,70.66295054169922,72.17537867325032,69.91545813315632,72.15544128417969,35232800,0.0,0.0,67.51937503814698,67.1342541286076,75.34910964622055,59.6896404300734,0.0005447900286699
2020-04-27,73.5009229996685,75.62131214240743,73.25425294849352,74.02167510986328,47938800,0.0,0.0,68.07189636230468,62.33015224919507,76.1071658563783,60.03662686823107,0.0005447900286699
2020-04-28,75.49672467059742,75.79572464153998,72.54164200167256,72.59645080566406,44290400,0.0,0.0,68.39294319152832,64.34970137095101,76.61998840653081,60.16589797652584,0.0005447900286699
2020-04-29,73.9444514753424,74.89376639943208,73.19197838390984,74.36553955078125,37916000,0.0,0.0,68.82723693847656,64.08832260647138,77.3624655088162,60.29200836813692,0.0005447900286699
2020-04-30,73.82483407828168,74.36551592267368,72.686152304624,72.82568359375,37591600,0.0,0.0,69.44030456542968,62.86282353149714,77.20300927257477,61.677599858284594,0.0005447900286699
2020-05-01,70.84980759418286,71.98350111543554,69.97523924106068,70.4586181640625,34209600,0.0,0.0,69.7805368423462,55.54408942322816,77.05664324738345,62.50443043730894,0.0005447900286699
2020-05-04,69.98523298687712,72.71607014930827,69.98523298687712,72.57903289794922,31755600,0.0,0.0,70.37080688476563,53.30567012939375,76.37452613115791,64.36708763837335,0.0005447900286699
2020-05-05,73.62053273612206,74.81651763132395,72.57902839946271,73.1894760131836,36889600,0.0,0.0,70.68649787902832,55.84450896802199,76.57935999331443,64.79363576474222,0.0005447900286699
2020-05-06,73.98430041278402,75.24756432758696,73.60557368734197,74.1985855102539,32346400,0.0,0.0,71.1693775177002,51.53650696203071,76.49758912016463,65.84116591523576,0.0005447900286699
2020-05-07,75.59144001730041,76.59557148968497,75.07816234777708,75.96269226074219,37373200,0.0,0.0,71.64179344177246,55.96202027865993,76.9072719774903,66.37631490605463,0.0005447900286699
2020-05-08,76.68027028808594,77.9260910888672,76.34141068013906,77.86380004882812,33921600,0.0,0.0,72.25909729003907,61.82510144036786,77.39478978455196,67.12340479552617,0.0005447900286699
2020-05-11,77.81396933087044,80.8537753277362,77.52743204848332,80.38534545898438,46906000,0.0,0.0,72.91651802062988,76.50458916351064,78.6739400647964,67.15909597646336,0.0005447900286699
2020-05-12,80.96340422806134,81.45176386143598,77.66695959403717,77.7641372680664,49306000,0.0,0.0,73.26721572875977,63.79290590289396,79.3161250445974,67.21830641292213,0.0005447900286699
2020-05-13,78.9102970630125,80.51491495423532,75.69358665949134,77.5398941040039,62585200,0.0,0.0,73.64544792175293,64.64502330711696,79.77315455016334,67.51774129334252,0.0005447900286699
2020-05-14,78.15532040688105,80.09132306867637,76.61797429244147,80.03650665283203,60231200,0.0,0.0,73.97583885192871,66.25883189919082,80.73441592134385,67.21726178251357,0.0005447900286699
2020-05-15,78.63370386512554,84.72078150315625,78.47672925261082,84.62361145019531,98766000,0.0,0.0,74.56523628234864,69.6644378878252,82.79994462877599,66.33052793592128,0.0005447900286699
2020-05-18,87.31211152995934,88.86689351275828,86.51478314684414,87.20995330810547,77446000,0.0,0.0,75.34960556030273,75.98579845693207,85.1949981342269,65.50421298637856,0.0005447900286699
2020-05-19,87.60861837582456,90.57118428468632,87.3345438462438,87.76061248779297,71732000,0.0,0.0,76.38002433776856,74.89807315362442,86.90345003008164,65.85659864545548,0.0005447900286699
2020-05-20,89.60940530118319,90.12766342648489,88.59031715955163,89.40010070800781,58753600,0.0,0.0,77.28511352539063,80.69398949721833,89.01309831616751,65.55712873461374,0.0005447900286699
2020-05-21,90.2123828656832,90.22235156202284,87.08288135712583,87.45912170410156,76106800,0.0,0.0,78.11981391906738,81.98786456826022,90.26288455220224,65.97674328593253,0.0005447900286699
2020-05-22,87.9574418910747,90.62598789544828,86.8411837252993,89.9607162475586,103876400,0.0,0.0,79.01007766723633,82.24258460124099,91.8998052549436,66.12035007952908,0.0005447900286699
2020-05-26,91.26134613219212,91.51051027031316,86.43005744804603,86.88602447509766,77078000,0.0,0.0,79.65329513549804,73.27856990959496,92.77668462803948,66.5299056429566,0.0005447900286699
2020-05-27,85.96163849436954,86.03887877861874,79.70014169698383,84.96747589111328,117589200,0.0,0.0,80.2718463897705,67.75390409797589,93.1588065314764,67.38488624806462,0.0005447900286699
2020-05-28,83.84124430907146,87.31210677654632,83.51235340253727,84.58625030517578,73489600,0.0,0.0,80.78288192749024,64.89627496589944,93.49306638346944,68.07269747151102,0.0005447900286699
2020-05-29,85.25898524622814,88.458251953125,84.56630922781117,88.458251953125,74525600,0.0,0.0,81.56451034545898,67.13411844371058,94.13625968846682,68.99276100245115,0.0005447900286699
2020-06-01,88.03716032588794,88.1119141285939,86.60446655204568,87.76806640625,38987600,0.0,0.0,82.42998275756835,62.69167995290925,94.13598305488202,70.72398246025469,0.0005447900286699
2020-06-02,87.66842710564381,88.07705244808123,86.29054935527523,87.95745849609375,39132000,0.0,0.0,83.19890403747559,69.1222282938659,94.17813400062572,72.21967407432544,0.0005447900286699
2020-06-03,87.92753470923097,88.36605841349144,86.70911844670938,87.40179443359375,36544000,0.0,0.0,83.90951995849609,68.27327574824473,93.96157100698608,73.85746891000609,0.0005447900286699
2020-06-04,87.02788365429032,89.1741699449671,86.52434512506409,87.41177368164062,42428000,0.04,0.0,84.57017936706544,65.05288255963984,93.62198157247104,75.51837716165983,0.0005447900286699
2020-06-05,87.6909724448247,89.71012479712184,86.82847310887769,88.94234466552734,48174800,0.0,0.0,85.21916198730469,60.0710514713967,93.50097797582448,76.93734599878489,0.0005447900286699
2020-06-08,88.51607864987186,88.6407175858638,86.60660923759254,87.79566955566406,38773600,0.0,0.0,85.71575546264648,51.46416941651787,93.30245021111192,78.12906071418104,0.0005447900286699
2020-06-09,87.74581414352792,90.83437074175912,87.25971923246038,90.1987075805664,46848800,0.0,0.0,86.20642356872558,55.57813501500462,93.60868050489856,78.8041666325526,0.0005447900286699
2020-06-10,91.41268483235258,94.7255898277024,91.2706022292022,93.39694213867188,63218000,0.0,0.0,86.98806381225586,58.535597440008345,93.92356844952708,80.05255917498464,0.0005447900286699
2020-06-11,91.23570012752592,92.34498968841262,87.6062149605495,87.70841979980469,58365200,0.0,0.0,87.49649009704589,50.45893799870673,92.8189721633915,82.17400803070028,0.0005447900286699
2020-06-12,91.36033003826611,91.60711267004557,86.78109725052373,89.06697082519531,57090800,0.0,0.0,87.94801330566406,48.28240038450068,91.98206482706712,83.91396178426099,0.0005447900286699
2020-06-15,87.89786018148494,91.55726484872471,87.1849291727329,91.4725112915039,40000400,0.0,0.0,88.29045829772949,59.04699271316476,92.29898952555295,84.28192706990602,0.0005447900286699
2020-06-16,91.98353955035827,92.39983696547924,88.13219318477842,90.42305755615234,53571600,0.0,0.0,88.45111351013183,61.1433759407776,92.53416755259752,84.36805946766614,0.0005447900286699
2020-06-17,90.87424351924518,92.72139342959284,90.44050246431613,92.0932159423828,40830400,0.0,0.0,88.66774368286133,64.56646846046095,93.0456394720679,84.28984789365475,0.0005447900286699
2020-06-18,92.003478452502,92.55687566152,90.881727969954,91.91374206542967,25440800,0.0,0.0,88.79342575073242,57.8265488658608,93.39828825771792,84.18856324374694,0.0005447900286699
2020-06-19,92.15802756755794,94.17717214071892,92.00596411765622,92.34498596191406,52416000,0.0,0.0,89.03771896362305,60.48958361018517,93.85790094384456,84.21753698340153,0.0005447900286699
2020-06-22,92.7313651536626,95.03718538933836,92.46463601414855,94.99231719970705,39846800,0.0,0.0,89.28929901123047,64.49026133521744,94.7895707517249,83.78902727073604,0.0005447900286699
2020-06-23,95.23412025440116,96.14647817789827,93.80326009753884,94.22703552246094,37510800,0.0,0.0,89.65634956359864,63.93813485962431,95.45313070289032,83.85956842430696,0.0005447900286699
2020-06-24,94.48877344215802,95.28896088098293,91.18085885075163,92.0882339477539,44937200,0.0,0.0,90.01238746643067,58.78608555752059,95.46082433674088,84.56395059612046,0.0005447900286699
2020-06-25,93.2872489650122,94.77543797670936,91.55726014379788,94.62586975097656,37607200,0.0,0.0,90.51436843872072,60.28880716844175,95.70154923539494,85.32718764204648,0.0005447900286699
2020-06-26,94.72558431326534,94.72558431326534,90.98641651142592,91.28555297851562,59208400,0.0,0.0,90.65573348999024,55.85284126880953,95.7604256755708,85.55104130440967,0.0005447900286699
2020-06-29,91.4326440562866,91.77913638519416,88.74293335624363,91.73426818847656,34224800,0.0,0.0,90.85404357910156,52.75592491884996,95.79182528966776,85.91626186853534,0.0005447900286699
2020-06-30,92.87096167070204,94.98732833059088,92.39733524410958,94.70315551757812,36789200,0.0,0.0,91.1913284301758,52.36376669608351,96.21680573575526,86.16585112459632,0.0005447900286699
2020-07-01,94.93248766580884,95.48090202148614,93.85810065717652,95.02472686767578,32664800,0.0,0.0,91.57247505187988,66.4315668231981,96.54380709686056,86.60114300689919,0.0005447900286699
2020-07-02,96.1115624861031,97.09371777513842,95.50581916631371,95.84483337402344,36405600,0.0,0.0,91.99412803649902,65.59956958372959,96.90979495347528,87.07846111952276,0.0005447900286699
2020-07-06,97.13610946926914,98.80128378971744,96.84445101857852,98.10829162597656,31589200,0.0,0.0,92.45242538452148,65.37310351580658,97.85509229623868,87.04975847280431,0.0005447900286699
2020-07-07,99.17520862822542,100.40912960152228,98.22296527638753,98.43235778808594,35780000,0.0,0.0,92.98425979614258,69.20046455908039,98.54850857466263,87.42001101762253,0.0005447900286699
2020-07-08,99.6488225287215,101.9546426872973,99.36713733541576,101.86490631103516,36548000,0.0,0.0,93.56756973266602,71.60020574917152,100.2382546649859,86.89688480034613,0.0005447900286699
2020-07-09,103.50266606165074,105.39468425133064,102.03940612836102,104.78644561767578,49454800,0.0,0.0,94.1370449066162,75.37843133184906,102.48114084436688,85.79294896886555,0.0005447900286699
2020-07-10,105.58164550813648,106.24472559737605,103.4877127884816,104.48981475830078,49767600,0.0,0.0,94.97611465454102,74.07119649881643,103.94959092557926,86.00263838350278,0.0005447900286699
2020-07-13,105.64396815096453,107.61077438088203,99.9604352259484,100.23214721679688,45707600,0.0,0.0,95.5343734741211,59.76224190920594,104.34776522393518,86.72098172430701,0.0005447900286699
2020-07-14,100.458972317509,103.72700123938384,97.5723381971607,103.47024536132812,54267600,0.0,0.0,96.1342601776123,65.76799074166144,105.40495491367072,86.8635654415539,0.0005447900286699
2020-07-15,103.8416902442295,104.02864865773466,100.26704629089356,101.97708892822266,40398400,0.0,0.0,96.71196174621582,67.24936786351175,105.92395038347668,87.49997310895496,0.0005447900286699
2020-07-16,99.86070553582852,101.7726623335976,98.66915774928744,101.05474853515624,34496400,0.0,0.0,97.1600383758545,61.88371909358094,106.29758406239952,88.02249268930947,0.0005447900286699
2020-07-17,101.9596262677841,102.18896524331764,100.58611044957472,101.72032165527344,26628400,0.0,0.0,97.65036735534667,71.40521648330598,106.65404062941408,88.64669408127926,0.0005447900286699
2020-07-20,102.44573495840108,105.00831136832976,101.27412583016158,104.80390167236328,28485200,0.0,0.0,98.27331314086912,74.19475937904379,107.45371424992736,89.0929120318109,0.0005447900286699
2020-07-21,104.82632036015998,105.2949639425652,102.57035882580723,102.98665618896484,27703600,0.0,0.0,98.67303009033203,66.01754688783947,107.94760287963688,89.39845730102718,0.0005447900286699
2020-07-22,103.37553219824852,105.71874257467898,102.61772536929276,104.08596801757812,36729200,0.0,0.0,99.1659767150879,67.00982056030328,108.49343678369075,89.83851664648503,0.0005447900286699
2020-07-23,104.19813902199444,105.16533827602628,100.02273512577815,101.00489044189452,41166000,0.0,0.0,99.61180953979492,58.92857944366924,108.3485318167424,90.87508726284744,0.0005447900286699
2020-07-24,98.46475712900671,103.34810961399032,97.48758454646416,101.65052795410156,47329200,0.0,0.0,99.96304244995116,56.49273209145494,108.41598946315314,91.5100954367492,0.0005447900286699
2020-07-27,102.02693573104484,104.1158853798382,101.88235031456036,103.9139633178711,29213200,0.0,0.0,100.59446296691894,59.38057901510872,108.15802662895209,93.0308993048858,0.0005447900286699
2020-07-28,103.44283260007325,103.52010812713716,101.79759722277588,101.85991668701172,27163600,0.0,0.0,101.1007453918457,49.99103853757703,107.4204303650186,94.7810604186728,0.0005447900286699
2020-07-29,103.6073684680436,104.8587407109876,103.17113216967962,104.35270690917967,28450800,0.0,0.0,101.58322296142578,49.208811830233074,107.29005896690173,95.87638695594984,0.0005447900286699
2020-07-30,103.45032379282836,105.92316379554724,102.6551267194226,105.83341979980467,30888000,0.0,0.0,102.12365760803225,52.34939744570448,107.23106815137773,97.01624706468677,0.0005447900286699
2020-07-31,105.32736958558904,107.35399972190729,104.02863411801953,105.84088134765624,38608000,0.0,0.0,102.62346000671388,61.519525346942125,107.05551718597414,98.1914028274536,0.0005447900286699
2020-08-03,107.014973589536,110.66690002870706,106.84297127147534,109.78445434570312,41272000,0.0,0.0,103.2072681427002,62.6032407184622,108.17837046914346,98.23616581625694,0.0005447900286699
2020-08-04,110.18081643544672,111.95317840576172,108.74497349731844,111.95317840576172,31033600,0.0,0.0,103.88330917358398,69.38948851891548,109.7220522798754,98.04456606729256,0.0005447900286699
2020-08-05,112.11521798760504,113.3890242602046,111.3399598509483,112.5414810180664,24992400,0.0,0.0,104.41713790893554,72.61927261440499,111.33199456521616,97.50228125265492,0.0005447900286699
2020-08-06,113.16965523296336,113.25192118834116,111.46459555322416,113.02757263183594,24431600,0.0,0.0,104.82919425964356,72.42435209735804,112.74626165198596,96.91212686730115,0.0005447900286699
2020-08-07,112.7982497881897,114.71519744842732,110.05619288726132,111.67151641845705,34251600,0.0,0.0,105.18827934265136,64.62161112042405,113.67173871142823,96.7048199738745,0.0005447900286699
2020-08-10,113.01512333806797,113.75298381180492,108.25142619278763,111.3275146484375,42779600,0.0,0.0,105.7430477142334,68.94683116959642,114.3125744979718,97.173520930495,0.0005447900286699
2020-08-11,110.41763979649978,111.04581731435636,107.64566338555092,108.18659973144533,35451200,0.0,0.0,105.97886543273924,58.52422024378205,114.54462179974745,97.41310906573108,0.0005447900286699
2020-08-12,109.59001840344696,114.33875822927703,109.2659526458888,114.07202911376952,46441200,0.0,0.0,106.5836124420166,74.32708827620061,115.65280342817488,97.51442145585833,0.0005447900286699
2020-08-13,115.12648800082624,116.87891108355642,113.22948710395686,114.0994644165039,37446000,0.0,0.0,107.23584823608398,73.7222227876,116.5049256739874,97.96677079818056,0.0005447900286699
2020-08-14,114.96695499161174,116.70940484286297,114.07453597005173,115.30596923828124,36643600,0.0,0.0,107.91513061523438,72.61930261847552,117.46915828203856,98.3611029484302,0.0005447900286699
2020-08-17,118.17018140355609,123.73905619324177,117.83116712270242,123.01365661621094,62130000,0.0,0.0,108.82561836242677,84.30074510817863,120.39038650343196,97.26085022142152,0.0005447900286699
2020-08-18,124.14037694122302,124.59904730057283,120.51338704341312,122.25334167480467,50344800,0.0,0.0,109.78895263671876,80.75371151381948,122.46245056160446,97.11545471183304,0.0005447900286699
2020-08-19,122.6098006658319,122.79427144936332,120.63054151919278,121.03437042236328,62262400,0.0,0.0,110.636372756958,76.35259445722559,123.9543964071706,97.31834910674544,0.0005447900286699
2020-08-20,119.40408712075796,123.39253261957242,118.44436590113452,121.05929565429688,92138800,0.0,0.0,111.63909301757812,76.36690443975277,124.9235853060247,98.35460072913152,0.0005447900286699
2020-08-21,121.6650536704298,127.71751253360272,121.6002389888987,126.46863555908205,99986800,0.0,0.0,112.87999839782717,77.50922769634785,126.8545332807896,98.90546351486468,0.0005447900286699
2020-08-24,128.4653549363272,128.75203059662974,124.71372572277598,126.8350830078125,49056400,0.0,0.0,114.02605438232422,76.08807938818094,128.6490495014163,99.40305926323212,0.0005447900286699
2020-08-25,125.94265360633486,127.24388431565124,125.37430040038956,127.13170623779295,28907600,0.0,0.0,115.28964385986328,75.84102198223908,129.85356446765084,100.72572325207572,0.0005447900286699
2020-08-26,127.62279218895536,128.31328915443115,126.4112977775182,127.36105346679688,32124400,0.0,0.0,116.44006118774412,75.61929172684944,131.00133000862706,101.8787923668612,0.0005447900286699
2020-08-27,127.4457990837218,128.12881797475848,125.30200800080516,125.917724609375,31760400,0.0,0.0,117.44427642822264,75.384110099735,131.69246307826614,103.19608977817914,0.0005447900286699
2020-08-28,126.38387948065744,131.10021249819843,126.05982129416256,131.09771728515625,53716000,0.0,0.0,118.70711822509766,80.04840082469254,133.10144232672778,104.31279412346754,0.0005447900286699
2020-08-31,131.44671604888256,135.35788652786184,130.00090741252225,133.35867309570312,50084000,0.0,0.0,119.88582916259766,89.31010834557348,135.04429478461702,104.7273635405783,0.0005447900286699
2020-09-01,134.45081930236148,139.57500816153626,134.0169485544135,137.85198974609375,51131600,0.04,0.0,121.18076972961424,88.82418372214977,137.8368524605009,104.52468699872762,0.0005447900286699
2020-09-02,146.65665544170344,146.88605544351668,138.63996776472374,143.09339904785156,87401200,0.0,0.0,122.70836563110352,90.45007026061248,141.49595513021157,103.92077613199544,0.0005447900286699
2020-09-03,137.92934600893483,138.48539723209657,128.45395069662058,129.81790161132812,94512800,0.0,0.0,123.54788208007812,65.1455755931521,142.01182251334706,105.08394164680918,0.0005447900286699
2020-09-04,127.5063669937736,131.40873101332443,116.74431516878646,125.89804077148438,146368400,0.0,0.0,124.25920829772949,53.2687698644634,141.87326782756972,106.64514876788924,0.0005447900286699
2020-09-08,117.0410388305915,125.17491346404044,116.73932453640498,118.8214111328125,79572800,0.0,0.0,124.63390312194824,46.59778073319666,141.38750261242885,107.8803036314676,0.0005447900286699
2020-09-09,123.67880603427196,127.76070412072482,122.00066143066996,126.82064819335938,73620000,0.0,0.0,125.56560554504397,55.05644016595696,140.43451611674814,110.69669497333976,0.0005447900286699
2020-09-10,129.5560439945997,130.31406990352673,121.35483891211116,122.79859161376952,69868400,0.0,0.0,126.00193367004394,51.42066745128372,139.9333280145138,112.07053932557407,0.0005447900286699
2020-09-11,124.53160239336144,126.1972749125332,118.64937147383696,121.32991027832033,63692800,0.0,0.0,126.36345596313475,45.513862711249615,139.33664991052342,113.39026201574612,0.0005447900286699
2020-09-14,130.47118619340495,132.80512169979514,125.98533761666428,128.38909912109375,120174400,0.0,0.0,127.0176124572754,51.21471802568842,138.9182508199871,115.1169740945637,0.0005447900286699
2020-09-15,132.45603069407971,132.6430450403479,127.9452379656134,129.57351684570312,72755600,0.0,0.0,127.34560546875,51.88254665913302,139.1427421899993,115.54846874750068,0.0005447900286699
2020-09-16,129.23687633357366,130.58837757569478,124.81336628847345,124.8208465576172,55638400,0.0,0.0,127.47398071289062,48.16927943674399,139.09232118991534,115.8556402358659,0.0005447900286699
2020-09-17,121.00826684319811,125.57141417177915,120.03579369558965,124.31218719482422,79251200,0.0,0.0,127.63787155151368,48.82709158106122,138.9624965296907,116.31324657333664,0.0005447900286699
2020-09-18,125.61128748694816,125.99778071228586,119.576955595087,121.57676696777344,69846000,0.0,0.0,127.6637451171875,42.78694039297197,138.92728490732685,116.40020532704816,0.0005447900286699
2020-09-21,118.94112883465873,124.90065137803252,118.73665798183843,124.8482894897461,72104400,0.0,0.0,127.58272781372072,43.6497795102259,138.9056160293683,116.2598395980731,0.0005447900286699
2020-09-22,125.42427857390892,126.15239105422644,121.24014489326402,126.05015563964844,64645200,0.0,0.0,127.5434814453125,40.73888257600704,138.88271039430117,116.20425249632382,0.0005447900286699
2020-09-23,125.42926237782434,126.940337564471,120.4796225019937,120.92346954345705,64701200,0.0,0.0,127.2330696105957,32.57146620287452,138.95326294576282,115.5128762754286,0.0005447900286699
2020-09-24,120.40980669540389,125.36942290555692,119.8288112329292,123.16016387939452,73124000,0.0,0.0,127.02302513122558,43.66696832841893,138.8832970166028,115.16275324584836,0.0005447900286699
2020-09-25,124.1525444511938,128.50125803567468,122.14026898358286,128.4040069580078,58801600,0.0,0.0,127.14733924865725,52.32518003293714,139.01095079820365,115.28372769911084,0.0005447900286699
2020-09-28,130.06469862278018,130.17940620299086,127.16972098014917,130.01234436035156,57380800,0.0,0.0,127.093070602417,61.55627778341526,138.89034005618203,115.29580114865192,0.0005447900286699
2020-09-29,129.03989123379546,134.07930966313685,128.99750557922894,131.91493225097656,62146000,0.0,0.0,127.02088356018066,56.01839233127684,138.67350736189337,115.36825975846796,0.0005447900286699
2020-09-30,131.23420926798985,135.87217460133712,131.16190252657583,134.9545440673828,68918400,0.0,0.0,126.87601127624512,64.70234330606708,138.0227138352992,115.72930871719106,0.0005447900286699
2020-10-01,137.22363899384942,137.27101656704406,134.2588347780588,135.7923583984375,52500400,0.0,0.0,126.5109592437744,67.76306764130639,135.7335284183667,117.28839006918211,0.0005447900286699
2020-10-02,131.90743592996463,134.84481487085432,130.17193753217768,130.28414916992188,55249600,0.0,0.0,126.53427162170412,52.4197272239478,135.79431811940285,117.27422512400535,0.0005447900286699
2020-10-05,132.0171369851524,136.08906599160932,131.88497290618403,136.0716094970703,47982000,0.0,0.0,127.0429500579834,57.42445987476752,137.22741851618244,116.85848159978435,0.0005447900286699
2020-10-06,137.9417921294403,141.05370614537043,136.29605666388704,137.00921630859375,78442000,0.0,0.0,127.95234031677246,65.25593581474162,138.2926455882571,117.61203504528784,0.0005447900286699
2020-10-07,139.6348466382394,140.82675840351234,138.2758730280382,139.2782745361328,41808400,0.0,0.0,128.57522163391113,67.94205813759712,140.065405301857,117.08503796596526,0.0005447900286699
2020-10-08,140.3854210323261,140.4801761752532,137.2236339799702,138.02903747558594,37890000,0.0,0.0,129.33674392700195,70.45257527524828,141.22678734205334,117.44670051195055,0.0005447900286699
2020-10-09,137.3134122685725,137.8844239289503,136.25366430259726,137.27102661132812,34689200,0.0,0.0,130.13379974365233,66.47270976168147,141.90047772671423,118.36712176059044,0.0005447900286699
2020-10-12,139.5326606224255,143.09839793019785,138.7646507468344,141.8915252685547,43474400,0.0,0.0,130.80892105102538,69.25971658619677,143.65410634406356,117.9637357579872,0.0005447900286699
2020-10-13,142.59466690874322,143.11332418795192,139.82436525948,142.11341857910156,34460400,0.0,0.0,131.4359161376953,79.25102700534866,145.21727054212153,117.65456173326908,0.0005447900286699
2020-10-14,142.53487528372295,143.0560287068512,139.2384425285355,140.58743286132812,27610000,0.0,0.0,132.2242454528809,74.53843008757114,146.21453580317987,118.23395510258186,0.0005447900286699
2020-10-15,137.74979117461115,139.69473750969644,137.32091220655525,139.33816528320312,26722400,0.0,0.0,132.9755443572998,67.34722729924638,146.78955138300557,119.16153733159403,0.0005447900286699
2020-10-16,140.00393153337552,140.84924010462936,137.5677681199376,137.7572784423828,24239200,0.0,0.0,133.78456993103026,62.29818095120871,146.65043386634906,120.91870599571146,0.0005447900286699
2020-10-19,138.66987716771928,139.4727999353668,133.72023734096905,134.62786865234375,29806800,0.0,0.0,134.27354888916017,54.146325081961024,146.4333765929981,122.11372118532223,0.0005447900286699
2020-10-20,135.48320364393825,137.64009379016832,134.72018554865772,136.10159301757812,22921200,0.0,0.0,134.77612075805663,51.84122544253044,146.32015704588278,123.23208447023048,0.0005447900286699
2020-10-21,135.89706134541575,137.5577416738216,134.42587606149408,134.89715576171875,21959600,0.0,0.0,135.47480506896972,48.579750674441705,145.00440642023878,125.94520371770064,0.0005447900286699
2020-10-22,134.8747227819807,135.76489748035578,131.97475307644848,133.26390075683594,29048000,0.0,0.0,135.9799919128418,55.39014597593216,143.65080631271277,128.30917751297085,0.0005447900286699
2020-10-23,134.15161254031605,135.58039714943746,132.56823063614289,135.55047607421875,23348400,0.0,0.0,136.33731536865236,48.92059500805611,143.13873865894638,129.53589207835833,0.0005447900286699
2020-10-26,133.9221783506265,136.57279532479313,130.04723268763104,131.07208251953125,33689600,0.0,0.0,136.39030227661132,39.2756540788213,142.99800465022366,129.78259990299898,0.0005447900286699
2020-10-27,132.7153480292958,134.07182599137738,131.57330952559172,133.62049865722656,25052000,0.0,0.0,136.47558059692383,39.88237194564901,142.88101657800888,130.0701446158388,0.0005447900286699
2020-10-28,131.63814914955867,132.2565536122741,125.76340567899524,125.94293975830078,37652000,0.0,0.0,136.02500038146974,32.427027440766125,143.96494825763443,128.08505250530504,0.0005447900286699
2020-10-29,128.05245795720404,131.58579330439338,127.16975571996608,129.9026641845703,32008000,0.0,0.0,135.73051567077636,40.19904607266085,144.13036055193757,127.33067078961514,0.0005447900286699
2020-10-30,128.167153562539,129.0299184798526,122.68139990811126,125.0153350830078,41682000,0.0,0.0,135.46707496643066,27.71052407771585,144.85813217392666,126.07601775893468,0.0005447900286699
2020-11-02,126.24963824447848,128.03499508849902,123.62894156210152,125.48163604736328,29965200,0.0,0.0,134.9375762939453,28.174238372417832,145.32631452874463,124.548838059146,0.0005447900286699
2020-11-03,126.75580531740373,130.71053856350355,125.70104186590248,129.85775756835938,27290000,0.0,0.0,134.5800033569336,36.899501488752286,145.15906547690946,124.00094123695771,0.0005447900286699
2020-11-04,133.54569237740589,137.91683287603348,133.0245390647037,137.585205078125,41022800,0.0,0.0,134.4953498840332,48.15203910762801,144.94238722744197,124.04831254062444,0.0005447900286699
2020-11-05,141.25815974755326,143.01858739618373,139.54760563165408,141.2332305908203,31902800,0.0,0.0,134.65555953979492,53.51129548923383,145.42409601571163,123.88702306387822,0.0005447900286699
2020-11-06,140.73200615263565,145.50959148986053,138.59006231787777,145.24278259277344,38334800,0.0,0.0,135.05414733886718,60.53550539785273,146.77805654865872,123.33023812907562,0.0005447900286699
2020-11-09,145.14804497224588,146.5344438891467,135.75494309478347,135.9544219970703,58297600,0.0,0.0,134.75729217529295,49.87354594222106,146.04478895387925,123.4697953967067,0.0005447900286699
2020-11-10,135.7125627509143,135.7125627509143,125.95540046116768,127.36922454833984,64406800,0.0,0.0,134.02008247375488,44.259820049293246,145.21018530440145,122.8299796431083,0.0005447900286699
2020-11-11,130.19939133661418,134.00201630079275,129.14711605545918,133.8324432373047,40474400,0.0,0.0,133.6823329925537,50.403781632812304,144.43712168940357,122.92754429570384,0.0005447900286699
2020-11-12,134.4408604785004,137.30343695856178,132.81509285078377,134.2189483642578,36581200,0.0,0.0,133.42637214660644,49.02811248916048,143.85306085400796,122.9996834392049,0.0005447900286699
2020-11-13,135.91951547782472,136.333433792956,130.25422065795306,132.6255645751953,34631200,0.0,0.0,133.16978645324707,51.18374712373715,143.3984154884899,122.94115741800424,0.0005447900286699
2020-11-16,131.38383159868937,136.1414660967844,131.21925043434064,134.8024444580078,41377600,0.0,0.0,133.17851524353028,50.905766597067874,143.41267981585216,122.9443506712084,0.0005447900286699
2020-11-17,135.17396400303272,135.61033081295486,132.69291917346004,133.87484741210938,31202800,0.0,0.0,133.06717796325682,56.77991313841757,143.2155370876597,122.91881883885397,0.0005447900286699
2020-11-18,134.30371156336122,135.70507103261352,131.50848050316495,133.93966674804688,51092400,0.0,0.0,133.01930351257323,53.6968387905589,143.14031079587366,122.8982962292728,0.0005447900286699
2020-11-19,131.78526585689096,134.52564684881204,130.66068387169142,134.0543670654297,56593600,0.0,0.0,133.05882682800294,59.07021360971479,143.1900244184917,122.92762923751415,0.0005447900286699
2020-11-20,134.19150202876057,134.59546698212503,130.3115786822675,130.5384979248047,34108800,0.0,0.0,132.80822792053223,54.781660311684846,142.9278625873191,122.68859325374537,0.0005447900286699
2020-11-23,131.37132188569697,133.47835296670516,129.8178611142667,131.05963134765625,36135600,0.0,0.0,132.80760536193847,51.22583418385054,142.9276912661769,122.68751945770002,0.0005447900286699
2020-11-24,131.08458531378253,131.27907230973307,128.51625813625412,129.2418670654297,34650000,0.0,0.0,132.58867378234862,40.32387361464742,142.82351347952093,122.35383408517632,0.0005447900286699
2020-11-25,129.9874466767099,132.3513185707016,129.86277043489085,132.0047149658203,25991600,0.0,0.0,132.89176254272462,39.07294567584589,142.6456789326737,123.13784615277554,0.0005447900286699
2020-11-27,133.40351690557,133.72767194018,131.36381636125034,132.2689666748047,16727600,0.0,0.0,133.01007766723632,33.143238814095696,142.6682664458915,123.35188888858112,0.0005447900286699
2020-11-30,132.3063922027269,133.77757761556185,129.38648501131664,133.66786193847656,28695200,0.0,0.0,133.44270401000978,46.26294360898319,142.3380766676259,124.54733135239368,0.0005447900286699
2020-12-01,134.57300442831112,134.9370644303547,131.93984355487086,133.5531463623047,29694800,0.0,0.0,133.84627952575684,63.97649234338891,141.91483434814506,125.77772470336862,0.0005447900286699
2020-12-02,133.15921484526393,136.3808445917307,131.99971973769965,135.0941925048828,28336000,0.0,0.0,134.108101272583,53.66778857498719,141.96886937802194,126.24733316714408,0.0005447900286699
2020-12-03,135.56307820596015,136.28641994734517,132.9840057694199,133.65248107910156,19952000,0.04,0.0,133.91146507263184,48.44851220327649,141.60089021327144,126.22203993199224,0.0005447900286699
2020-12-04,134.17628644092346,135.28873240705352,133.58015436557798,135.27127075195312,20224400,0.0,0.0,133.61336708068848,57.23621005538097,140.53120144131856,126.69553272005838,0.0005447900286699
2020-12-07,135.7002605560271,136.99727926243534,134.69008794122,135.75514221191406,22324400,0.0,0.0,133.1389850616455,52.8716452398649,137.54379541554104,128.73417470775,0.0005447900286699
2020-12-08,135.53815399940484,135.67533531488522,132.5101173762023,133.19354248046875,27192000,0.0,0.0,133.00094108581544,48.130544516068525,137.20260369645484,128.79927847517604,0.0005447900286699
2020-12-09,132.69968791489146,133.83207700788046,128.3871005997533,129.0106658935547,40130000,0.0,0.0,133.08301315307617,38.96825239621633,136.8646223834052,129.30140392274714,0.0005447900286699
2020-12-10,128.39458212026665,130.38749423042586,128.2000224541818,129.42471313476562,20776400,0.0,0.0,132.8626266479492,39.77523712725712,136.9608370173615,128.7644162785369,0.0005447900286699
2020-12-11,129.3748200450111,129.90110544451971,127.93562662505308,129.83377075195312,20926400,0.0,0.0,132.64336776733398,48.19602387021527,136.9021217093323,128.38461382533566,0.0005447900286699
2020-12-14,130.57957585640568,133.58016436224312,130.4748059179627,132.78199768066406,27015600,0.0,0.0,132.65118942260742,53.92165241868296,136.91038028080683,128.391998564408,0.0005447900286699
2020-12-15,134.08900112646495,134.3309371673263,131.5647946623887,133.29830932617188,19301600,0.0,0.0,132.57598266601562,59.817972181741226,136.7269775235285,128.42498780850275,0.0005447900286699
2020-12-16,133.9168885464204,134.06404143040697,131.8217030703667,132.1210174560547,22311600,0.0,0.0,132.4882911682129,50.304892683535634,136.5976450602271,128.37893727619868,0.0005447900286699
2020-12-17,133.3606665109951,133.48787627485854,131.48249564244608,133.10626220703125,23138400,0.0,0.0,132.4466209411621,52.11505713464164,136.51065882617095,128.3825830561533,0.0005447900286699
2020-12-18,133.4828801512782,133.74229306797417,130.40497025270142,132.41534423828125,34206400,0.0,0.0,132.3646697998047,46.71870265533847,136.35768289538177,128.3716567042276,0.0005447900286699
2020-12-21,130.44734804013387,133.39306954656004,129.3773155973205,133.0164337158203,30233200,0.0,0.0,132.48856658935546,48.628882118321386,136.3958503061794,128.58128287253152,0.0005447900286699
2020-12-22,132.886769432338,133.06634894566798,130.24034651781514,132.4777069091797,18558000,0.0,0.0,132.55947036743163,42.95498394396658,136.40860776363715,128.7103329712261,0.0005447900286699
2020-12-23,132.2556880601106,132.4452543250781,129.75145558694723,129.79385375976562,17914400,0.0,0.0,132.58706970214843,40.26184675980231,136.34282985048563,128.83130955381122,0.0005447900286699
2020-12-24,130.07323549861314,131.0235484844202,129.09049589665872,129.6392364501953,9788400,0.0,0.0,132.4687957763672,34.65196097591807,136.44432744682155,128.49326410591283,0.0005447900286699
2020-12-28,130.32514239466468,130.32514239466468,127.33951155532984,128.70387268066406,21256400,0.0,0.0,132.29054107666016,31.245850331080675,136.6087343339723,127.97234781934804,0.0005447900286699
2020-12-29,128.95329978657205,130.42491993553665,128.12769996555434,129.1353759765625,17037200,0.0,0.0,132.06391677856445,37.82729845811349,136.550226934873,127.5776066222559,0.0005447900286699
2020-12-30,129.60430801193576,131.83417822749664,128.67145671969274,131.15574645996094,22539600,0.0,0.0,131.94404678344728,57.39345286555465,136.3907544158483,127.49733915104626,0.0005447900286699
2020-12-31,131.06346736017355,131.20812356286336,128.8535401500008,130.25033569335938,19242400,0.0,0.0,131.70185394287108,52.75244478628723,135.94932584477954,127.45438204096264,0.0005447900286699
2021-01-04,130.74169791942234,136.211611442272,129.3274559425501,130.833984375,56064000,0.0,0.0,131.56092910766603,53.29612309548951,135.72204961912797,127.39980859620408,0.0005447900286699
2021-01-05,130.6967603386499,134.1263687055056,130.56955061069607,133.73976135253906,32276000,0.0,0.0,131.4843536376953,53.165088022203214,135.40754480275902,127.56116247263158,0.0005447900286699
2021-01-06,131.92148339210857,132.1459577699939,125.571088779158,125.85543060302734,58042400,0.0,0.0,130.98936805725097,33.45890656002267,135.13549401939522,126.84324209510672,0.0005447900286699
2021-01-07,129.37732566190445,133.47040140830666,128.56918750530303,133.13368225097656,46148000,0.0,0.0,130.98637504577636,51.7704483503186,135.12588255926107,126.84686753229164,0.0005447900286699
2021-01-08,133.31823713020415,133.90190084434528,130.12059302082878,132.46270751953125,29252800,0.0,0.0,131.1589771270752,48.86236799870527,135.23907085682805,127.07888339732231,0.0005447900286699
2021-01-11,133.87945600424376,139.28950859406433,133.31824729253523,135.9022979736328,51834400,0.0,0.0,131.48285636901855,55.61804630909838,135.98940128895288,126.97631144908422,0.0005447900286699
2021-01-12,137.2092768518161,137.2292352003355,133.14363490121528,134.53793334960938,29147600,0.0,0.0,131.71806449890136,52.39253702550204,136.3514684651981,127.08466053260462,0.0005447900286699
2021-01-13,134.59031391796518,135.93722091191776,133.5427365046249,135.00686645507812,21002800,0.0,0.0,131.82930793762208,53.98581706953435,136.67235647589405,126.9862593993501,0.0005447900286699
2021-01-14,135.4383886631196,135.6853180961509,131.50243702218853,131.69949340820312,28312000,0.0,0.0,131.74936714172364,52.94530081509422,136.5428471883964,126.9558870950509,0.0005447900286699
2021-01-15,131.97635883801993,132.9466301826393,128.1900718350241,128.29981994628906,27778000,0.0,0.0,131.55830726623535,48.11856270021618,136.58819826488147,126.52841626758922,0.0005447900286699
2021-01-19,129.86371671936394,130.63942830633871,128.14516708229456,129.95350646972656,22618800,0.0,0.0,131.40066947937012,51.72060035287687,136.4239058881435,126.37743307059674,0.0005447900286699
2021-01-20,130.81649978076922,133.9966825660081,130.26777453801137,133.35067749023438,25857200,0.0,0.0,131.44743614196778,55.36577028037565,136.5275421924352,126.36733009150036,0.0005447900286699
2021-01-21,133.87697552134136,139.671139517242,132.2257757963719,138.35667419433594,33778000,0.0,0.0,131.71444816589354,58.51874676656952,137.6338262752649,125.79507005652216,0.0005447900286699
2021-01-22,137.0845890821636,138.09975521459856,135.9596900720448,136.8102264404297,24682000,0.0,0.0,131.93107414245603,57.64445204704858,138.2702801818621,125.59186810305005,0.0005447900286699
2021-01-25,137.50113958089642,137.9675651990402,132.06115661009528,136.21908569335938,25111200,0.0,0.0,132.25233573913573,56.27433648142348,138.783821176279,125.72085030199246,0.0005447900286699
2021-01-26,135.49324777029224,136.134274716892,133.5676854572867,134.04408264160156,16398000,0.0,0.0,132.47257804870603,50.36071609306708,138.9296976631,126.0154584343121,0.0005447900286699
2021-01-27,131.99631138124667,132.02374460191436,127.64382235676652,128.8809814453125,37127200,0.0,0.0,132.48143348693847,53.833527475555,138.91724166469191,126.045625309185,0.0005447900286699
2021-01-28,129.66414444744143,133.09127164989954,129.30746697205578,130.21038818359375,22831600,0.0,0.0,132.53518409729003,45.63854921392761,138.87049850603458,126.19986968854548,0.0005447900286699
2021-01-29,130.44985579638958,133.0413967382845,128.8186145142126,129.5993194580078,27155200,0.0,0.0,132.45736274719238,45.72027661351422,138.9013288495258,126.01339664485894,0.0005447900286699
2021-02-01,130.23287082337657,132.40288127158743,128.73132059903455,132.06614685058594,21720400,0.0,0.0,132.54815330505372,44.09463023495952,138.91185867736593,126.1844479327415,0.0005447900286699
2021-02-02,133.67991195293328,135.4084328777076,132.55000449186855,135.25628662109375,22044000,0.0,0.0,132.7692684173584,51.04697999711778,139.1892588566114,126.34927797810542,0.0005447900286699
2021-02-03,136.04698618795337,138.99770150846769,134.85472200340666,134.99440002441406,24540800,0.0,0.0,132.83200035095214,49.98172019866586,139.31611803409646,126.34788266780782,0.0005447900286699
2021-02-04,134.99936640304756,136.42109807536104,133.07130771481704,136.3288116455078,20134000,0.0,0.0,133.35566940307618,57.2049489718615,139.11904822513486,127.59229058101752,0.0005447900286699
2021-02-05,136.9349120208627,137.05712835899607,135.14653136695864,135.59799194335938,16915200,0.0,0.0,133.4788848876953,62.38779467091703,139.32702691090233,127.63074286448828,0.0005447900286699
2021-02-08,136.95740275348473,144.40526346847008,136.95740275348473,144.05606079101562,43462400,0.0,0.0,134.05855255126954,69.44563553864131,141.5499845130361,126.567120589503,0.0005447900286699
2021-02-09,143.07828372952628,145.49771975435732,141.89850324074033,142.30506896972656,28756000,0.0,0.0,134.37869110107422,62.9341486562556,142.7028251703481,126.05455703180036,0.0005447900286699
2021-02-10,144.30051874231324,148.70787457689676,143.0857993785812,147.30360412597656,48535200,0.0,0.0,135.01697463989257,62.92615715633625,145.1530295051998,124.88091977458532,0.0005447900286699
2021-02-11,149.45863245249328,152.37192773856088,148.90739524081286,152.1574249267578,45082800,0.0,0.0,135.87450256347657,70.23883497021103,148.5825687145149,123.16643641243824,0.0005447900286699
2021-02-12,150.15451787123004,152.56148591664393,147.4108306676029,149.26905822753906,37475600,0.0,0.0,136.75298080444335,66.22628457635628,150.62191564583432,122.8840459630524,0.0005447900286699
2021-02-16,150.29670954235758,153.37213808124838,149.15683026681145,152.9506072998047,32196000,0.0,0.0,137.98552017211915,72.65937260432699,153.02353543517864,122.94750490905966,0.0005447900286699
2021-02-17,151.36172954536403,151.88551822545094,147.46070198861364,148.71780395507812,27475600,0.0,0.0,138.92373504638672,74.31656845463442,154.191435852672,123.65603424010146,0.0005447900286699
2021-02-18,146.9518956751303,148.39108935231462,145.4154373749078,147.94960021972656,23386800,0.0,0.0,139.65368118286133,72.04861723542672,155.19302758877186,124.11433477695084,0.0005447900286699
2021-02-19,149.90009408077245,151.42160243897916,148.1266781472153,148.92234802246094,27172400,0.0,0.0,140.18196487426758,73.8031812911928,156.24521417928412,124.11871556925102,0.0005447900286699
2021-02-22,147.40833511185878,150.98511224709532,142.921161804446,143.2279510498047,32588400,0.0,0.0,140.50285110473632,62.73691710539238,156.53888256598373,124.46681964348892,0.0005447900286699
2021-02-23,140.4294039458848,142.06064530974862,133.58764721885345,141.09536743164062,39178000,0.0,0.0,140.74666519165038,56.82786716178978,156.65624173298937,124.8370886503114,0.0005447900286699
2021-02-24,140.9032757041079,144.7344717419622,137.24419948872756,144.6571502685547,44832000,0.0,0.0,141.27731857299804,60.48951674458544,156.9518362280712,125.6028009179249,0.0005447900286699
2021-02-25,140.13261187789638,143.41755025589617,131.85915012760495,132.76954650878906,82443600,0.0,0.0,141.47174682617188,46.856454550796165,156.58526017344772,126.35823347889604,0.0005447900286699
2021-02-26,137.20931758717882,138.22698053116494,133.30331081758024,136.8302001953125,50093200,0.0,0.0,141.8027374267578,51.0278319280841,156.14825950940752,127.45721534410808,0.0005447900286699
2021-03-01,138.43147238954734,138.93032454230246,135.22136000446886,138.0997314453125,35318400,0.0,0.0,142.22775802612304,44.35457232292181,155.51564337643106,128.93987267581502,0.0005447900286699
2021-03-02,138.68091093476835,138.88544216263858,133.6524874813438,133.75474548339844,26411600,0.0,0.0,142.31218795776368,42.27579069368653,155.34727052058665,129.27710539494072,0.0005447900286699
2021-03-03,133.95426851646903,134.20619128422626,127.6936802177656,127.7535400390625,37759200,0.0,0.0,141.93705062866212,32.653076697908915,156.2010462892669,127.67305496805731,0.0005447900286699
2021-03-04,127.71365887123952,129.45215155680293,120.5601122256145,123.41853332519533,57334400,0.0,0.0,141.35825729370117,24.262797597573964,157.6094274163759,125.10708717102644,0.0005447900286699
2021-03-05,125.21191962279818,125.21191962279818,116.52441070018928,124.32894897460938,54284000,0.0,0.0,140.75826416015624,26.844473231688298,158.59955100472925,122.91697731558324,0.0005447900286699
2021-03-08,124.21421255825324,124.42622629081932,115.39949405037646,115.6663818359375,54311200,0.0,0.0,139.76168365478514,18.31431122702375,160.76338983826292,118.75997747130737,0.0005447900286699
2021-03-09,121.06580688280766,125.9213195547781,120.3571931810167,124.95819854736328,52182400,0.04,0.0,138.80679054260253,31.406868514728203,160.70394477566003,116.90963630954502,0.0005447900286699
2021-03-10,128.1544570012103,129.5467393636663,124.33192820841695,124.43922424316406,38437600,0.0,0.0,137.91349830627442,31.52985705315595,160.65129464295788,115.17570196959096,0.0005447900286699
2021-03-11,129.24733917998174,130.20795520390124,127.09654490847416,129.68148803710938,29991600,0.0,0.0,137.03239250183103,35.834349256021056,159.60321681191547,114.46156819174664,0.0005447900286699
2021-03-12,126.2357274509014,128.63603401361294,125.65436727427856,128.30917358398438,24396400,0.0,0.0,135.8399799346924,38.26987152631309,157.5497449483422,114.13021492104258,0.0005447900286699
2021-03-15,128.39647718555895,131.8098019214227,127.4233736087888,131.6551055908203,22198800,0.0,0.0,134.95928230285645,42.71641538719454,155.78639759244015,114.13216701327276,0.0005447900286699
2021-03-16,133.3043755804171,134.86132909858546,130.9115471478183,132.6531524658203,27212800,0.0,0.0,133.94440956115722,40.35688973429333,152.9813962734509,114.90742284886352,0.0005447900286699
2021-03-17,130.14310447756327,134.27003171473928,129.64158240570598,133.1522216796875,24386400,0.0,0.0,133.1661304473877,50.37625784351851,150.8873197373567,115.4449411574187,0.0005447900286699
2021-03-18,131.10869002549336,131.58275408229758,126.92186787403162,126.9767608642578,29389600,0.0,0.0,132.11748847961425,40.6986146912785,148.5936717984295,115.641305160799,0.0005447900286699
2021-03-19,127.2512122277944,128.96286213338507,125.87889523318094,128.20684814453125,29920800,0.0,0.0,131.08171348571778,40.6544211532912,145.5976947796911,116.56573219174447,0.0005447900286699
2021-03-22,128.87556029008925,133.6836656838602,128.81567979342032,131.605224609375,29780400,0.0,0.0,130.50057716369628,47.93241888981061,143.85311467015092,117.14803965724164,0.0005447900286699
2021-03-23,132.28384896099885,133.1845993738034,129.95839395423872,130.4524383544922,22204800,0.0,0.0,129.96843070983886,52.8630594033635,142.35660728351058,117.58025413616711,0.0005447900286699
2021-03-24,131.25588325714972,131.3357289846733,126.12092578610022,126.1833038330078,24584000,0.0,0.0,129.04473838806152,52.937043032173705,139.411409858034,118.67806691808902,0.0005447900286699
2021-03-25,124.75110954617224,126.89940588238932,122.48054705698192,125.10791015625,29514400,0.0,0.0,128.66165657043456,50.8246077822945,139.01501153037253,118.30830161049658,0.0005447900286699
2021-03-26,125.30002048445252,128.31163422261378,123.49355479903022,128.1419677734375,36396800,0.0,0.0,128.2272449493408,64.99335605076175,137.84009279139826,118.61439710728337,0.0005447900286699
2021-03-29,127.95235708870156,130.37013103709566,126.75220395568344,129.2298583984375,27352000,0.0,0.0,127.78375129699708,56.39474098383723,136.22597623428496,119.34152635970918,0.0005447900286699
2021-03-30,128.16943422175197,129.49933860685175,126.80211214138969,128.4663543701172,20020400,0.0,0.0,127.519331741333,55.984859273422906,135.49234992886534,119.54631355380069,0.0005447900286699
2021-03-31,129.9010242776002,134.44214880169005,129.57166638685814,133.22203063964844,31477600,0.0,0.0,127.79275627136232,55.338939956972425,136.16468357339053,119.4208289693341,0.0005447900286699
2021-04-01,135.45766114002572,138.4293442855399,134.8488508562284,137.8479766845703,30827600,0.0,0.0,128.51422843933105,63.09866296770462,137.7421806151587,119.2862762635034,0.0005447900286699
2021-04-05,138.40441061043154,139.8665483441983,137.06203385092104,139.60206604003906,25567200,0.0,0.0,129.27788429260255,61.41164592108792,139.51966564130112,119.03610294390396,0.0005447900286699
2021-04-06,139.724353450449,140.2682882929678,137.46627077904665,138.3445587158203,19174400,0.0,0.0,130.41179313659669,58.1122745478778,139.2311916757404,121.59239459745297,0.0005447900286699
2021-04-07,138.5366664625767,142.15709124866635,136.8474790715302,141.15904235839844,25128400,0.0,0.0,131.22183532714843,60.70591048440045,140.86932543102105,121.5743452232758,0.0005447900286699
2021-04-08,142.24940728830657,144.43263920101398,142.21198959292764,142.89065551757812,24441600,0.0,0.0,132.1444068908691,74.1481499661719,142.55934147046304,121.72947231127525,0.0005447900286699
2021-04-09,141.86266837557034,143.7988856555393,141.47342991828918,143.7190399169922,19517200,0.0,0.0,132.84628448486328,73.82909830244041,144.3928958645757,121.29967310515084,0.0005447900286699
2021-04-12,142.6186755268963,153.22542564464936,141.11660731042264,151.79322814941406,86932400,0.0,0.0,134.02048721313477,77.11644131819124,148.11876162147576,119.9222128047938,0.0005447900286699
2021-04-13,152.01780509751774,156.6936612793054,150.96237336696296,156.4890594482422,67621200,0.0,0.0,135.26218490600587,81.93290395216323,152.50669168045516,118.01767813155658,0.0005447900286699
2021-04-14,155.94512948795614,156.89826794686851,151.9778793021759,152.471923828125,38550000,0.0,0.0,136.25312347412108,82.44250889845239,155.07221061890792,117.43403632933423,0.0005447900286699
2021-04-15,156.3194128705142,161.82614964141575,156.01002014042214,161.05764770507812,59848000,0.0,0.0,137.6483947753906,87.42734557738144,159.40767052222475,115.88911902855646,0.0005447900286699
2021-04-16,160.21677149577067,161.34207394633674,158.34293245057702,158.81451416015625,33520800,0.0,0.0,139.24028244018555,82.46795451608735,162.33005049813727,116.15051438223384,0.0005447900286699
2021-04-19,155.06186746701906,157.7665713642076,152.03278550533736,153.31776428222656,40442000,0.0,0.0,140.4958282470703,73.32112290625105,163.78943936482804,117.20221712931256,0.0005447900286699
2021-04-20,152.93354266124953,154.66765585698354,149.3380778137456,151.41650390625,33413200,0.0,0.0,141.48639221191405,71.74062177391076,164.87288178553786,118.09990263829026,0.0005447900286699
2021-04-21,150.8925188868559,153.32526309379568,150.72784751823085,153.3052978515625,21677600,0.0,0.0,142.62903518676757,70.11753110996237,165.97870320051632,119.2793671730188,0.0005447900286699
2021-04-22,153.45001225306353,154.0837677968333,147.5465599458514,148.21275329589844,27778800,0.0,0.0,143.73050765991212,60.28630461342578,165.86019350282527,121.60082181699896,0.0005447900286699
2021-04-23,149.05113545341163,153.05082423520582,148.7118024395219,152.35467529296875,22750000,0.0,0.0,145.09284591674805,62.08336670727444,165.69759778417972,124.48809404931636,0.0005447900286699
2021-04-26,151.55372106160465,154.48797183203476,150.9548856714666,154.47799682617188,19779600,0.0,0.0,146.40964736938477,65.0400039373786,165.78249605354785,127.0367986852217,0.0005447900286699
2021-04-27,155.48103960238527,156.39924269239614,153.24540475560883,153.5173797607422,16457200,0.0,0.0,147.6240234375,61.93322359522551,165.44530013656595,129.80274673843405,0.0005447900286699
2021-04-28,153.3452116425194,155.01942875251626,151.85811345289923,152.46942138671875,20941600,0.0,0.0,148.82417678833008,59.37301603891624,164.29057007392947,133.35778350273068,0.0005447900286699
2021-04-29,153.699535846443,154.0638291898243,150.42094144306589,152.94850158691406,17319600,0.0,0.0,149.81050033569335,59.09337736835048,163.5016091201771,136.1193915512096,0.0005447900286699
2021-04-30,151.44892917483196,153.35021115768131,149.67739842545322,149.80215454101562,20191200,0.0,0.0,150.40820922851563,47.82730752106223,162.8908174490771,137.92560100795416,0.0005447900286699
2021-05-03,150.95490155616156,152.17002491730872,147.58648639747034,148.07801818847656,20391200,0.0,0.0,150.8320068359375,40.18519059275662,162.30452442661783,139.35948924525718,0.0005447900286699
2021-05-04,146.08691880057228,146.0894163596125,139.8291475641173,143.2324981689453,40532400,0.0,0.0,151.07640380859374,39.423034261532976,161.5976625705624,140.55514504662509,0.0005447900286699
2021-05-05,146.80300427926812,147.84596351842058,143.5942808249212,144.3029022216797,29202400,0.0,0.0,151.2335968017578,26.833632994486265,161.21085811852515,141.25633548499047,0.0005447900286699
2021-05-06,144.6696850950251,145.42819678982764,141.90258777067464,144.94664001464844,19338000,0.0,0.0,151.33639602661134,29.93791392007616,160.98879778748926,141.68399426573342,0.0005447900286699
2021-05-07,147.7935503290876,149.4153794605215,146.43120837623786,147.83346557617188,22932800,0.0,0.0,151.5421173095703,41.41803607099588,160.67219561145703,142.41203900768355,0.0005447900286699
2021-05-10,147.5839555019603,147.77108963517296,142.22194124161612,142.37913513183594,26890400,0.0,0.0,151.0714126586914,37.27329728809815,161.0758116375793,141.0670136798035,0.0005447900286699
2021-05-11,137.98024588768635,143.26740998755236,137.23170929155063,142.78335571289062,28558400,0.0,0.0,150.38612747192383,34.53609125950058,160.70082490982244,140.0714300340252,0.0005447900286699
2021-05-12,139.82167152635083,142.32427139695656,136.8250270603716,137.3165740966797,30340800,0.0,0.0,149.62835998535155,34.1603212600549,161.41903532052794,137.83768465017516,0.0005447900286699
2021-05-13,140.0636717643365,140.53275593334666,134.32738854335355,136.3858642578125,28540400,0.0,0.0,148.39477081298827,24.39581851117154,160.31242996562875,136.4771116603478,0.0005447900286699
2021-05-14,138.62898815884057,143.0004472784687,137.216755645322,142.152099609375,25861600,0.0,0.0,147.56165008544923,32.30405850642477,158.71761085112732,136.40568931977114,0.0005447900286699
2021-05-17,141.29377545475066,141.41603399570036,138.26469370188798,141.37860107421875,21698000,0.0,0.0,146.96469192504884,32.47855981513139,158.1014825560016,135.82790129409608,0.0005447900286699
2021-05-18,142.3916123658401,143.7614318292491,139.7667392979212,139.88401794433594,18625600,0.0,0.0,146.38806762695313,32.065131122024965,157.74635608105297,135.0297791728533,0.0005447900286699
2021-05-19,135.4002898626354,140.5202853110157,135.1682453336438,140.383056640625,34400000,0.0,0.0,145.74195556640626,32.10375311151108,156.9120639007161,134.57184723209642,0.0005447900286699
2021-05-20,142.74591703667687,146.55097791363252,142.42654935428928,145.83987426757812,32159200,0.0,0.0,145.62331161499023,44.70521787003242,156.73316489801277,134.5134583319677,0.0005447900286699
2021-05-21,151.34162998767562,151.92299770900587,148.40488159177238,149.62498474121094,67299200,0.0,0.0,145.48682708740233,51.9592859975464,156.31191063080038,134.66174354400428,0.0005447900286699
2021-05-24,151.82821330589513,157.14282150646017,151.4639199164198,155.81541442871094,55481600,0.0,0.0,145.5536979675293,65.41165705673782,156.62633573704542,134.48106019801318,0.0005447900286699
2021-05-25,157.35241402935225,157.87638367950865,154.5229383230566,156.17221069335938,43540800,0.0,0.0,145.68643951416016,64.79627298427181,157.21531299290106,134.15756603541925,0.0005447900286699
2021-05-26,157.03549505289715,157.62933531840136,155.5583870652055,156.69366455078125,37044000,0.0,0.0,145.89765167236328,64.68861628565007,158.08568580364206,133.7096175410845,0.0005447900286699
2021-05-27,156.6911965454771,157.19271860815573,154.2983825793593,154.5778350830078,58147600,0.0,0.0,145.97911834716797,58.59903838409307,158.38541724878803,133.5728194455479,0.0005447900286699
2021-05-28,154.70754581101676,162.45739447476583,154.70754581101676,162.1280517578125,64453600,0.0,0.0,146.5954132080078,73.90231605541099,160.8832678701777,132.30755854583794,0.0005447900286699
2021-06-01,162.38252208787856,163.56272504330482,158.72218270770168,162.32763671875,47280400,0.0,0.0,147.3078941345215,73.77239889918091,163.23424049040253,131.38154777864045,0.0005447900286699
2021-06-02,162.2053926990406,168.85738124618376,162.0382085602518,167.4551239013672,59416800,0.0,0.0,148.51902542114257,86.96367709949779,166.6692502961233,130.36880054616185,0.0005447900286699
2021-06-03,166.6816403358028,172.25323673205946,165.5064324050361,169.3663787841797,58000800,0.0,0.0,149.77219924926757,89.49919572926942,170.03480781957495,129.5095906789602,0.0005447900286699
2021-06-04,170.79111551679927,176.2654142624663,170.62144903376063,175.4395294189453,61712000,0.0,0.0,151.2968437194824,89.57582961344754,174.41784444791747,128.17584299104735,0.0005447900286699
2021-06-07,175.36964508974367,177.77744393072774,171.5920419253943,175.84622192382812,57575600,0.0,0.0,152.69748153686524,91.33953663380542,178.2057854929341,127.18917758079638,0.0005447900286699
2021-06-08,174.93051404499317,175.87116467813348,172.1733920668129,174.22938537597656,32384800,0.0,0.0,154.28999404907228,91.072462160223,181.0329504233325,127.54703767481205,0.0005447900286699
2021-06-09,174.8557923157995,175.44727051558016,172.26026472441592,173.28350830078125,38165600,0.04,0.0,155.8150016784668,88.92850050011013,183.2643619114677,128.36564144546583,0.0005447900286699
2021-06-10,173.201151471569,174.61870373640386,171.46414308550058,173.94985961914062,28777200,0.0,0.0,157.64666595458985,87.51292028074782,184.7858836868924,130.50744822228728,0.0005447900286699
2021-06-11,174.49391631645798,179.08350084510298,174.1370339329304,177.94546508789062,41630800,0.0,0.0,159.72464599609376,87.58268242376086,186.3693292703585,133.07996272182902,0.0005447900286699
2021-06-14,178.75159101776373,180.0842983637753,176.32328554323738,179.8771514892578,32137600,0.0,0.0,161.61089859008788,86.00027578196057,188.3587703653568,134.86302681481897,0.0005447900286699
2021-06-15,178.84140315745188,179.85217128465678,176.974629157735,177.57858276367188,24303200,0.0,0.0,163.42089767456054,80.26868134523637,189.28890352932632,137.55289181979475,0.0005447900286699
2021-06-16,177.60104389441992,179.23821827767676,175.54209668579253,177.7957000732422,30712400,0.0,0.0,165.31648178100585,80.09738635972886,189.41830812481717,141.21465543719455,0.0005447900286699
2021-06-17,177.43883485565917,188.02557903827253,177.2566540806717,186.25112915039065,80965600,0.0,0.0,167.60988540649413,88.25659741407686,190.41641921046696,144.8033516025213,0.0005447900286699
2021-06-18,187.51643416688876,193.41625760299289,185.51987924969652,186.06643676757807,96885600,0.0,0.0,169.6212135314941,85.17212713410206,191.416710465486,147.8257165975023,0.0005447900286699
2021-06-21,184.0349879737121,185.0457563583578,177.92053689552984,183.95513916015625,67238400,0.0,0.0,171.3377212524414,80.08663136203046,191.8733990343515,150.80204347053132,0.0005447900286699
2021-06-22,184.39683147890128,189.3108532610926,183.54330845038763,188.54217529296875,58014400,0.0,0.0,172.97405929565429,79.78262809154344,193.517420268002,152.43069832330656,0.0005447900286699
2021-06-23,189.75012013108355,191.1976196825936,188.7518424772824,190.2442626953125,33235600,0.0,0.0,174.67766189575195,79.66246540560907,195.00422503404232,154.3510987574616,0.0005447900286699
2021-06-24,191.94633308623204,193.86552253659053,190.5537466891253,191.7242126464844,32092400,0.0,0.0,176.4291893005371,76.60963093244025,196.2619496510275,156.59642895004671,0.0005447900286699
2021-06-25,192.4729214566858,193.1218110904696,188.6195842215626,189.9822235107422,27836400,0.0,0.0,178.19940872192382,72.13278856073099,196.04014766688607,160.35866977696156,0.0005447900286699
2021-06-28,193.279023547373,200.4416683246189,192.85725065497311,199.5057830810547,49543600,0.0,0.0,180.06829528808595,81.72139334731501,198.63654874281667,161.50004183335523,0.0005447900286699
2021-06-29,198.48252618019305,200.64130742447287,196.23142071580915,199.92254638671875,36763200,0.0,0.0,181.9480407714844,83.8814451396544,200.5660661700485,163.33001537292026,0.0005447900286699
2021-06-30,199.6480357147879,201.27773129090463,198.2953737634033,199.68048095703125,32656800,0.0,0.0,183.5593086242676,83.08311301231993,202.4716701898186,164.6469470587165,0.0005447900286699
2021-07-01,200.90335400451875,204.2076502095784,199.845182254168,201.7718505859375,48013600,0.0,0.0,185.17958221435543,82.21208552999103,204.51985621262867,165.83930821608226,0.0005447900286699
2021-07-02,204.0504268171635,204.6993163754855,202.52805961986263,204.51712036132807,34276400,0.0,0.0,186.63346176147465,82.59496979706323,207.22224706056383,166.04467646238538,0.0005447900286699
2021-07-06,207.01780663855556,208.0610048489298,203.15197926884733,206.62847900390625,44670800,0.0,0.0,188.1725746154785,88.61992495967232,209.9348049776644,166.41034425329266,0.0005447900286699
2021-07-07,208.17581468702588,208.39044070668265,202.96980086601147,203.3666076660156,41842800,0.0,0.0,189.6294357299805,81.44886424413619,211.3626114958498,167.89625996411112,0.0005447900286699
2021-07-08,198.22299508348092,200.9832320521373,196.66818258802164,198.6846923828125,50330000,0.0,0.0,190.89949493408204,66.85622296288696,211.5526161918732,170.2463736762909,0.0005447900286699
2021-07-09,199.2811744585214,200.45665186670723,197.20225700213615,200.15716552734372,29662400,0.0,0.0,192.2098602294922,68.45833846370337,211.62332499457025,172.79639546441416,0.0005447900286699
2021-07-12,202.05138537466144,204.9738486079768,201.52979384537045,204.77169799804688,32198400,0.0,0.0,193.551171875,75.59062178296273,212.5167189102157,174.5856248397843,0.0005447900286699
2021-07-13,203.65361189427384,204.26006366439557,200.79354129397183,202.1511993408203,29070800,0.0,0.0,194.6648742675781,67.58012739014207,212.84937811972853,176.4803704154277,0.0005447900286699
2021-07-14,203.2268407057096,203.82581330920067,197.18725867844768,198.0732269287109,38010000,0.0,0.0,195.6896064758301,59.52855582335403,212.03705659208123,179.34215635957895,0.0005447900286699
2021-07-15,197.77627029902956,198.12817171026572,188.26020235993792,189.3358459472656,55056400,0.0,0.0,196.2666137695313,47.52956647619624,210.65158753319284,181.88164000586968,0.0005447900286699
2021-07-16,189.9771792616884,191.24001483555224,180.4186759030016,181.2971649169922,68822400,0.0,0.0,196.01891555786133,42.05184820670021,211.2743053703495,180.7635257453732,0.0005447900286699
2021-07-19,178.84391582230188,190.0920099889617,178.34727517642926,187.4740295410156,74906000,0.0,0.0,196.0892951965332,38.27063345270265,211.1632674608538,181.01532293221263,0.0005447900286699
2021-07-20,186.9773987141596,188.05554035690872,181.3271438064681,185.79942321777344,43468700,0.0,4.0,196.18150939941407,36.56140134871945,210.9626545200062,181.40036427882197,0.0005447900286699
2021-07-21,188.49476674237536,194.9336536351205,187.09716908892688,193.7656707763672,37101700,0.0,0.0,196.442684173584,45.09315751218441,210.83495767103264,182.05041067613533,0.0005447900286699
2021-07-22,196.0816775110729,198.52745449909196,192.42797796696743,195.60250854492188,32382600,0.0,0.0,196.7105964660645,44.86029590856601,210.8136250646982,182.60756786743076,0.0005447900286699
2021-07-23,196.22144132135108,196.66068589964792,192.16843672935136,195.24313354492188,19567200,0.0,0.0,196.88654251098632,41.95394081887696,210.81435269115403,182.9587323308186,0.0005447900286699
2021-07-26,192.77740190959528,194.08514322312348,188.8142383319134,192.60769653320312,20394300,0.0,0.0,197.01781616210937,37.94527010468548,210.71927789423356,183.3163544299852,0.0005447900286699
2021-07-27,192.3181710703702,195.8820293680792,187.087206262538,191.7491607666016,24886300,0.0,0.0,196.6299850463867,39.58101891195305,210.4733056503572,182.78666444241625,0.0005447900286699
2021-07-28,192.85724943414652,196.12162140813624,189.6228245691608,194.69407653808597,20219100,0.0,0.0,196.3685615539551,46.305967566742986,210.1474025571611,182.5897205507491,0.0005447900286699
2021-07-29,194.8537967142315,198.18804006332405,192.94708294485275,196.2813262939453,19078100,0.0,0.0,196.1986038208008,46.41982157671787,209.88900975340212,182.5081978881994,0.0005447900286699
2021-07-30,193.84554187449385,195.9619007972016,192.29822374204056,194.65415954589844,18349700,0.0,0.0,195.8427192687988,40.108341411499545,209.2910251427216,182.39441339487607,0.0005447900286699
2021-08-02,196.6606817704213,199.26618684378653,193.2765214091544,197.15982055664065,21744400,0.0,0.0,195.4748542785645,45.10907415774823,208.31273777473425,182.63697078239468,0.0005447900286699
2021-08-03,197.0599771596771,201.87168213732824,191.86893708098108,197.8086853027344,30181100,0.0,0.0,195.03386459350585,49.72210743768535,206.82152482140515,183.24620436560656,0.0005447900286699
2021-08-04,199.5556730717365,202.8300221665944,197.93846834010108,202.3907928466797,23130900,0.0,0.0,194.98507385253907,65.02552992552646,206.63478232245544,183.33536538262268,0.0005447900286699
2021-08-05,204.6468910429124,206.97287948608133,203.06961073770532,206.0145263671875,21143500,0.0,0.0,195.3515655517578,81.66651223182586,207.91655393848347,182.78657716503213,0.0005447900286699
2021-08-06,204.88648441666888,205.34568354729743,201.7518936020288,203.3092041015625,17849700,0.0,0.0,195.5091674804688,72.26789780456801,208.4027267482292,182.6156082127084,0.0005447900286699
2021-08-09,204.10782688331648,204.72675406658956,201.08303200690253,202.6004180908203,14644300,0.0,0.0,195.4006034851074,74.2857445346212,207.998966170008,182.8022408002068,0.0005447900286699
2021-08-10,202.8699377395582,203.94807917695897,198.00833159704663,199.0165863037109,17923800,0.0,0.0,195.24387283325197,58.69131686619185,207.563540664634,182.9242050018699,0.0005447900286699
2021-08-11,200.08474217788,200.1446516202399,193.96531176179528,196.6506805419922,18592500,0.0,0.0,195.17274551391603,51.7050715036391,207.43994787099132,182.9055431568407,0.0005447900286699
2021-08-12,198.357765309829,199.94502311193637,195.86207119361956,198.7071685791016,15165200,0.0,0.0,195.6413116455078,55.34012829348959,207.6836218836366,183.59900140737903,0.0005447900286699
2021-08-13,198.70714510515884,201.79181901258897,198.16806670953625,201.5322723388672,18306300,0.0,0.0,196.6530670166016,63.67806737526456,206.88519149931884,186.4209425338843,0.0005447900286699
2021-08-16,201.00319163865387,202.5205625536896,194.1949314071533,199.1563720703125,21087600,0.0,0.0,197.2371841430664,60.84795887492419,206.55604690581288,187.91832138031992,0.0005447900286699
2021-08-17,196.51095221162987,197.35947903453763,192.33814391086392,194.24485778808597,20458500,0.0,0.0,197.65945587158205,49.37794493629429,205.4333811001674,189.88553064299663,0.0005447900286699
2021-08-18,194.6641195013261,196.00180774363625,189.6727318218049,190.0720367431641,28591300,0.0,0.0,197.4747741699219,41.97625362903512,205.7945199779983,189.15502836184547,0.0005447900286699
2021-08-19,194.60425017341217,204.59700410203843,187.2968503644805,197.63900756835935,76655500,0.0,0.0,197.57659912109372,53.34376727523351,205.8495803390136,189.30361790317392,0.0005447900286699
2021-08-20,199.5656923882391,208.2906294631119,198.9866895125425,207.80148315429688,67574100,0.0,0.0,198.2045166015625,60.175653206165634,207.5664565855612,188.8425766175638,0.0005447900286699
2021-08-23,209.348787863626,219.5911098546039,209.1391428796777,219.2017822265625,57580700,0.0,0.0,199.5342208862305,66.9675360259007,212.4347848919336,186.63365688052733,0.0005447900286699
2021-08-24,217.155306293656,219.2117555342707,214.97906862582283,217.5546112060547,29729900,0.0,0.0,200.82449340820312,62.614162322219535,215.4880742375076,186.1609125788987,0.0005447900286699
2021-08-25,216.99559492726712,224.3129714920049,216.84585938172623,221.74740600585935,34770100,0.0,0.0,202.1771598815918,62.96479598996284,219.25247288207655,185.101846881107,0.0005447900286699
2021-08-26,221.61761465042932,223.01519711828533,217.5246706291981,220.2998809814453,23794000,0.0,0.0,203.3780876159668,64.29768327661773,222.0145973960084,184.7415778359252,0.0005447900286699
2021-08-27,221.4578892170645,226.82862733910463,221.2881838605604,225.97010803222656,30472200,0.0,0.0,204.9438850402832,68.1500797318129,225.6423499909916,184.2454200895748,0.0005447900286699
2021-08-30,227.906779662354,230.0331005972484,225.1215766216013,226.48922729492188,26258000,0.0,0.0,206.41035537719728,72.40312122430035,228.86791793769007,183.95279281670443,0.0005447900286699
2021-08-31,226.59902677416284,226.59902677416284,220.8579189465713,223.5038299560547,25985000,0.04,0.0,207.6951126098633,71.67891056036447,231.00452418961623,184.38570103011037,0.0005447900286699
2021-09-01,224.502279749483,226.61899633363663,223.2242604645006,224.06295776367188,20176700,0.0,0.0,208.7787208557129,70.97723342699373,233.04521317110868,184.5122285403171,0.0005447900286699
2021-09-02,224.83176202867503,225.5806021876864,222.6052148884017,223.61366271972656,18783400,0.0,0.0,209.65867767333984,69.01580053097689,234.76496052324788,184.5523948234318,0.0005447900286699
2021-09-03,222.9047543891314,229.5045329448421,221.6566874552617,228.0767364501953,28053200,0.0,0.0,210.89705429077148,74.04107769784063,237.10385684117415,184.6902517403688,0.0005447900286699
2021-09-07,227.97689346832945,228.63587644629456,224.87170241964205,226.26953125,19810700,0.0,0.0,212.08050994873048,78.07039529981118,238.8416400654564,185.31937983200456,0.0005447900286699
2021-09-08,224.78183970861977,225.75034081544803,219.4301283778209,223.0445251464844,25443400,0.0,0.0,213.28190689086915,79.38950359425148,239.7291825055816,186.8346312761567,0.0005447900286699
2021-09-09,222.7749508789298,225.03146564919317,220.96775239367116,221.4270477294922,19685600,0.0,0.0,214.5207252502441,73.71868934247125,239.99095369633235,189.050496804156,0.0005447900286699
2021-09-10,223.1344108109537,225.9101106567236,222.3556182058927,224.43240356445312,24837600,0.0,0.0,215.8069869995117,69.34319419933469,240.50117109155624,191.1128029074672,0.0005447900286699
2021-09-13,226.48919403172903,229.28486694972,218.24197339708783,221.17742919921875,29750000,0.0,0.0,216.78924484252929,52.8350091087444,240.64115867610343,192.93733100895517,0.0005447900286699
2021-09-14,222.40554132376067,223.753459789497,220.5184646128456,222.0760498046875,19975500,0.0,0.0,217.93522872924805,56.63060878609313,240.38098576528827,195.48947169320783,0.0005447900286699
2021-09-15,222.74500170711272,223.3241066018599,219.32031329900897,223.06451416015625,16653800,0.0,0.0,219.3762115478516,52.131872930316376,238.9326309080201,199.81979218768305,0.0005447900286699
2021-09-16,221.48696583203832,222.42551466178745,218.93092703156,222.0760498046875,15603300,0.0,0.0,220.9764122009277,52.91827681699416,234.8479728798926,207.10485152196287,0.0005447900286699
2021-09-17,222.65514544482645,222.8648273973847,217.96241672688427,218.6613311767578,29450300,0.0,0.0,222.02752838134765,37.03027572320887,230.6435986799285,213.4114580827668,0.0005447900286699
2021-09-20,211.13300408810548,213.99856103301715,206.3004771053035,210.8035125732422,34944000,0.0,0.0,222.17762985229493,27.91677461459902,229.79715779912945,214.5581019054604,0.0005447900286699
2021-09-21,213.8388015591332,213.9186796738156,209.1760251652946,212.13145446777344,20468800,0.0,0.0,221.82411346435543,33.205551609635094,230.59418485773904,213.0540420709719,0.0005447900286699
2021-09-22,213.32961585607805,219.26043312318492,211.63224765562376,219.0707244873047,26872600,0.0,0.0,221.899919128418,43.79657013966918,230.5398483985377,213.25998985829816,0.0005447900286699
2021-09-23,221.0576262729611,225.00153027615545,218.56149221280936,224.47235107421875,24855500,0.0,0.0,222.03616638183595,50.9500863223699,230.75158132919563,213.32075143447625,0.0005447900286699
2021-09-24,220.3586906206574,221.1474774396212,218.27192640322264,220.4685211181641,21765500,0.0,0.0,222.0445983886719,41.49554695313897,230.75326408867508,213.3359326886687,0.0005447900286699
2021-09-27,216.76427194134328,217.6528949920188,212.92021967724352,216.2650451660156,24521500,0.0,0.0,221.55934524536133,39.38562119437218,230.42712576674708,212.6915647239756,0.0005447900286699
2021-09-28,211.81195196339624,213.85878494714768,206.19065316438173,206.669921875,34306900,0.0,0.0,220.56837997436523,34.69582058134792,231.3414382016121,209.79532174711835,0.0005447900286699
2021-09-29,209.07617660711009,209.84499014077645,204.353495370688,204.85272216796875,21839400,0.0,0.0,219.63582458496091,34.566771589952936,232.3864783519186,206.88517081800327,0.0005447900286699
2021-09-30,207.3588302732256,210.3342328835822,206.5600796047304,206.8396453857422,22100900,0.0,0.0,218.7746589660645,33.301750843994,232.55153993616895,204.99777799595995,0.0005447900286699
2021-10-01,207.1790907506593,208.2674013540604,201.71754916362187,207.0992126464844,24097800,0.0,0.0,217.94893646240237,35.83197073243842,232.46444809563104,203.43342482917365,0.0005447900286699
2021-10-04,204.72290946040715,205.10232668517253,195.247595008846,197.01486206054688,34563500,0.0,0.0,216.3958427429199,28.714362585613785,232.8642910884406,199.9273943973992,0.0005447900286699
2021-10-05,199.19149377885924,206.16069566125805,198.23297161658888,204.19374084472656,27928200,0.0,0.0,215.29205322265625,35.497226716863835,231.93240396994844,198.6517024753641,0.0005447900286699
2021-10-06,200.88886703004843,206.87958880173096,200.48949167268023,206.67990112304688,29720200,0.0,0.0,214.4738220214844,38.433842166849466,231.11846297096875,197.829181072,0.0005447900286699
2021-10-07,210.5938380722902,212.89028447117403,209.39569676184445,210.42410278320312,25691900,0.0,0.0,213.9236747741699,43.8423712747792,230.32623543363172,197.52111411470807,0.0005447900286699
2021-10-08,210.6836755087,211.73205477033972,207.42872246041625,207.98785400390625,15125800,0.0,0.0,213.10144729614257,47.70953565116751,228.92440469358647,197.27848989869867,0.0005447900286699
2021-10-11,205.4318330639052,210.3042916225296,204.79282335418335,206.6299743652344,16338800,0.0,0.0,212.37407455444333,45.52686905771269,227.96972485826447,196.77842425062224,0.0005447900286699
2021-10-12,207.9578991966805,210.24436630315012,204.9625386183893,206.3903350830078,16213400,0.0,0.0,211.58978881835935,38.4292680807741,226.70123583454915,196.4783418021696,0.0005447900286699
2021-10-13,208.85649543006843,209.5753831675516,206.80967794701456,209.0661773681641,18065200,0.0,0.0,210.88987197875977,35.20609304554107,225.028969086236,196.7507748712836,0.0005447900286699
2021-10-14,212.55078418283944,217.2135601607345,210.89334773021457,217.1237030029297,24358900,0.0,0.0,210.6422546386719,47.02010125940777,224.11421855803485,197.17029071930887,0.0005447900286699
2021-10-15,217.7627364835106,218.97085680907543,216.2850141846148,218.28192138671875,22699400,0.0,0.0,210.62328414916996,51.89992594517643,224.04869076396704,197.19787753437285,0.0005447900286699
2021-10-18,217.15367681645225,222.5652934470928,216.10529749970763,221.87635803222656,18949400,0.0,0.0,211.17692642211915,66.15057549761883,225.5158034417524,196.83804940248592,0.0005447900286699
2021-10-19,222.41553020837023,223.44393625191708,220.0292265876363,222.5553131103516,16147300,0.0,0.0,211.69811935424804,69.26756939621285,226.9140378938065,196.4822008146896,0.0005447900286699
2021-10-20,222.7050670796914,223.983086403184,219.4800663833149,220.6881866455078,14627600,0.0,0.0,211.7789924621582,65.11221541523301,227.17601907205932,196.38196585225708,0.0005447900286699
2021-10-21,220.62828099408105,226.75878514921212,220.4884981072289,226.56907653808597,18759000,0.0,0.0,211.8838287353516,68.92469880858272,227.6684345354649,196.0992229352382,0.0005447900286699
2021-10-22,227.8770552641719,230.942315053764,225.26111177169625,226.90855407714844,24938400,0.0,0.0,212.2058303833008,85.84764076111917,228.9607334100625,195.45092735653915,0.0005447900286699
2021-10-25,229.3747344990181,233.1888344514517,227.3478749695956,231.3017578125,23023500,0.0,0.0,212.957666015625,84.83442895725597,231.7099249206225,194.20540711062748,0.0005447900286699
2021-10-26,239.5190395876274,252.1993975831597,238.8700508251952,246.78778076171875,48589800,0.0,0.0,214.96355895996092,88.63237929282953,238.78214115278925,191.14497676713265,0.0005447900286699
2021-10-27,244.36153700881903,250.51199954214565,242.44450794496743,244.1318817138672,24599000,0.0,0.0,216.92751693725583,83.16300014201522,243.5484919950185,190.3065418794932,0.0005447900286699
2021-10-28,248.3952918501423,249.1141796796566,244.85077843090812,249.0243225097656,23420400,0.0,0.0,219.03675079345703,88.511965008572,248.7925106540652,189.28099093284885,0.0005447900286699
2021-10-29,249.62336178520133,256.6924146124671,249.613382734561,255.2746124267578,29250300,0.0,0.0,221.4455207824707,91.81250224606248,254.72364463752865,188.1673969274128,0.0005447900286699
2021-11-01,256.0933592439607,258.5395828011218,251.8798989839272,257.87060546875,26574000,0.0,0.0,224.4883079528809,92.5271759339675,259.4471345267746,189.5294813789871,0.0005447900286699
2021-11-02,257.82069070960733,266.36745111777145,257.60102969802614,263.60174560546875,29411200,0.0,0.0,227.458708190918,92.886268759517,265.14604764729216,189.77136873454376,0.0005447900286699
2021-11-03,266.28755226699724,267.4257733766165,261.9442735844583,265.56866455078125,23991000,0.0,0.0,230.40314636230468,92.13263898086144,270.38685229454245,190.4194404300669,0.0005447900286699
2021-11-04,271.8689362896056,313.164962106241,270.7606369611781,297.5491638183594,115363100,0.0,0.0,234.7593994140625,94.87843184684762,283.5849668755852,185.93383195253975,0.0005447900286699
2021-11-05,301.40318528776294,313.5144324086188,293.64521173539816,297.0599060058594,85126000,0.0,0.0,239.21300201416017,94.11759860277186,293.6800700669476,184.74593396137269,0.0005447900286699
2021-11-08,301.02377021659504,310.5190738325447,298.6075295350764,307.56365966796875,50310100,0.0,0.0,244.2596862792969,94.72573958221776,304.4216088501759,184.09776370841783,0.0005447900286699
2021-11-09,322.3207550448036,322.60032079632765,299.17661102746246,306.09588623046875,64674600,0.0,0.0,249.2449638366699,95.12548160605492,312.6318102609269,185.85811741241292,0.0005447900286699
2021-11-10,293.1060239859367,308.0229225768857,287.3349636407508,294.1344299316406,63620600,0.0,0.0,253.49837646484372,83.54313624278282,316.9497873448619,190.0469655848256,0.0005447900286699
2021-11-11,304.20887692365733,305.42699170020103,297.30955795253755,303.4300842285156,33217200,0.0,0.0,257.81369552612307,84.8870787339929,322.57480524383664,193.05258580840948,0.0005447900286699
2021-11-12,299.63597222046934,306.32559396838144,295.8418297420332,303.4300842285156,41305400,0.0,0.0,262.0711036682129,84.25641791217838,327.0846076844896,197.05759965193624,0.0005447900286699
2021-11-15,305.0474831761667,305.96607374539485,292.0176780083396,299.78564453125,38490900,0.0,0.0,265.96656799316406,78.36066296610211,330.1707911136218,201.7623448727063,0.0005447900286699
2021-11-16,297.1297910059129,303.43003052641075,296.60061183838786,301.5629272460937,26448400,0.0,0.0,269.91694869995115,81.02472398982559,332.5786458108309,207.25525158907143,0.0005447900286699
2021-11-17,303.7095535514338,304.6181498187893,287.5545845516656,292.1574401855469,42850800,0.0,0.0,273.49041137695315,72.21754483480194,332.36868918876564,214.61213356514065,0.0005447900286699
2021-11-18,323.1695055193205,327.0934210414186,312.7256584269507,316.2601928710937,78171100,0.0,0.0,277.9749671936035,76.53337192651452,335.4517594335952,220.49817495361188,0.0005447900286699
2021-11-19,321.93136614463333,330.3683107079259,318.5565883193163,329.33990478515625,53386700,0.0,0.0,283.0965347290039,78.49513835419492,339.6613219980356,226.53174745997225,0.0005447900286699
2021-11-22,334.6517027826007,345.93421614847773,318.5066948438892,319.0658264160156,75433500,0.0,0.0,287.4847381591797,71.34070003294842,340.6457576060583,234.32371871230112,0.0005447900286699
2021-11-23,314.86236312764106,323.0996057010576,308.3224734689387,316.9690856933594,53216300,0.0,0.0,290.9938034057617,69.75740335607078,342.0680735291178,239.91953328240564,0.0005447900286699
2021-11-24,314.1234933621719,328.04193990950114,308.80174872719914,326.2347412109375,43516200,0.0,0.0,295.09894638061525,63.35902424742866,343.4389703160242,246.75892244520628,0.0005447900286699
2021-11-26,325.4958842488397,326.5941893388487,313.0152138405253,314.5428466796875,28306900,0.0,0.0,298.3748725891113,57.37261958414936,342.2410819448338,254.5086632333888,0.0005447900286699
2021-11-29,323.15947903683684,333.60329461833106,319.86456404585243,333.2438659667969,45496400,0.0,0.0,302.2733352661133,60.12914436681006,343.80813889320825,260.73853163901833,0.0005447900286699
2021-11-30,331.1770994937252,333.01425058593924,318.147291317739,326.2547302246094,62206600,0.0,0.0,305.6925415039062,57.61945682828784,342.8666695994057,268.5184134084068,0.0005447900286699
2021-12-01,331.7169020976682,332.4159173571293,313.3530782502409,313.9023132324219,48436800,0.04,0.0,308.2075698852539,57.44966804185176,339.7749012519778,276.64023851853005,0.0005447900286699
2021-12-02,311.69545362433803,324.31743543564176,309.80813080267137,320.8024597167969,47289000,0.0,0.0,310.96925964355466,56.667283511046975,335.7689809535471,286.16953833356223,0.0005447900286699
2021-12-03,319.544251732193,320.83242302974054,300.8708723319472,306.49285888671875,54432500,0.0,0.0,311.4164443969727,51.05912130110637,335.5097457097649,287.32314308418046,0.0005447900286699
2021-12-06,298.3744284314796,301.97930281430496,279.9806797799784,299.94219970703125,65893800,0.0,0.0,311.56055908203126,50.05307078090395,335.3245157102745,287.796602453788,0.0005447900286699
2021-12-07,309.12917866933253,324.02791547734194,306.07353855679554,323.8082275390625,59305300,0.0,0.0,312.37278747558594,56.55873378523412,336.6660945154366,288.07948043573526,0.0005447900286699
2021-12-08,319.5342487448005,322.44010787288033,313.76248205192445,317.8067321777344,47555100,0.0,0.0,312.95832977294924,57.71726016127284,337.179041714653,288.7376178312455,0.0005447900286699
2021-12-09,316.888076591226,321.5913606089507,303.8466776046882,304.4657897949219,48850700,0.0,0.0,313.47489776611326,46.20562375767925,336.4118864790645,290.537909053162,0.0005447900286699
2021-12-10,311.0563887473231,312.60416918226144,298.18473093851713,301.5499572753906,48882500,0.0,0.0,313.38089141845705,40.43412482664483,336.50586118171435,290.25592165519976,0.0005447900286699
2021-12-13,302.0591914334847,302.5085627442039,280.7595825032403,281.2089233398437,59834400,0.0,0.0,312.26983337402345,37.8134596141041,339.22577420102886,285.31389254701804,0.0005447900286699
2021-12-14,276.5955417649097,286.3716088172768,272.11194551529337,282.9664611816406,66703500,0.0,0.0,311.42887420654296,39.03023651096702,340.9519123016475,281.9058361114384,0.0005447900286699
2021-12-15,283.5956029598815,304.56570036184456,277.98361034054915,304.1562805175781,69829700,0.0,0.0,311.5585418701172,43.38602146153378,340.92147547772447,282.19560826250995,0.0005447900286699
2021-12-16,311.07634560863124,311.15624874413675,280.5299132493427,283.4657287597656,70736600,0.0,0.0,311.12395629882815,41.16656647747825,341.9183166581544,280.32959593950187,0.0005447900286699
2021-12-17,279.4514505671252,288.8081011663621,277.2046549621129,277.61407470703125,71375800,0.0,0.0,309.191650390625,32.94159680796369,343.3005938325085,275.0827069487415,0.0005447900286699
2021-12-20,272.6611086319539,281.03917417948225,271.0634117392642,276.79522705078125,46184700,0.0,0.0,306.5644165039063,34.237177094333845,342.1993314937535,270.92950151405904,0.0005447900286699
2021-12-21,283.335940601876,290.7853394010627,273.6198157585856,290.3359680175781,52438500,0.0,0.0,305.1279235839844,42.54582900723156,340.9567008811233,269.2991462868455,0.0005447900286699
2021-12-22,288.4985214378463,295.1290485218585,284.0848032471528,293.5812683105469,39518400,0.0,0.0,303.9585327148437,41.18599156211536,339.6865807272634,268.23048470242406,0.0005447900286699
2021-12-23,297.1261696123448,300.1618480919216,293.8907942891535,295.9778137207031,34302200,0.0,0.0,302.44568634033203,46.31069140018276,336.7355714465505,268.15580123411354,0.0005447900286699
2021-12-27,296.1776021401319,310.42726849772566,295.9778747812033,309.0093078613281,40368600,0.0,0.0,302.16900939941405,53.042902413809976,336.13568311116,268.2023356876681,0.0005447900286699
2021-12-28,312.67400951215063,312.8537458193075,299.69252577733937,302.7881164550781,42059100,0.0,0.0,300.64622192382814,41.998007828809904,331.3179981955183,269.97444565213794,0.0005447900286699
2021-12-29,302.2988913221681,305.0449750303126,293.2418006509723,299.582763671875,34313900,0.0,0.0,299.31262359619143,42.9115457562432,327.51626423263514,271.1089829597477,0.0005447900286699
2021-12-30,297.84516978094354,304.13621511719384,294.97926233321164,295.4385986328125,30886400,0.0,0.0,298.3894378662109,46.21818764809712,325.77928991460146,270.9995858178204,0.0005447900286699
2021-12-31,296.3173909797665,299.87231860385805,292.892283093349,293.6911315917969,26653000,0.0,0.0,297.0338714599609,46.67510893260252,322.358909227247,271.7088336926749,0.0005447900286699
